"","past_pts","window","seasonality","age_int","pts_int","pts_target","sex","reg_type","Variable","Estimate","Std_Error","z_stat","p_value","AME","MER","N"
"1","all","Placebo","mnwk","no","no","all","Male","LPM","(Intercept)",2.00007674533428e-05,2.66975021892082e-06,7.49162498858326,6.80260844766048e-14,NA,NA,2154901192
"1.1","all","Placebo","mnwk","no","no","all","Male","LPM","policyTRUE",2.7746614045121e-07,1.1009294080971e-06,0.252029002414239,0.801018646545855,NA,NA,2154901192
"1.2","all","Placebo","mnwk","no","no","all","Male","LPM","age_grp20-24",0.000499092061811629,2.92160520305856e-06,170.828030183251,0,NA,NA,2154901192
"1.3","all","Placebo","mnwk","no","no","all","Male","LPM","age_grp25-34",0.000293141036320528,2.01933328742087e-06,145.16723819025,0,NA,NA,2154901192
"1.4","all","Placebo","mnwk","no","no","all","Male","LPM","age_grp35-44",0.00027494795017367,2.0296417415212e-06,135.466247342548,0,NA,NA,2154901192
"1.5","all","Placebo","mnwk","no","no","all","Male","LPM","age_grp45-54",0.00020400335838262,1.91428118188848e-06,106.569170878735,0,NA,NA,2154901192
"1.6","all","Placebo","mnwk","no","no","all","Male","LPM","age_grp55-64",0.000115523591666069,1.92861725116673e-06,59.899698395927,0,NA,NA,2154901192
"1.7","all","Placebo","mnwk","no","no","all","Male","LPM","age_grp65-199",-1.16224780107239e-05,1.81810577468694e-06,-6.39263027076916,1.63056236530901e-10,NA,NA,2154901192
"1.8","all","Placebo","mnwk","no","no","all","Male","LPM","curr_pts_grp1-3",0.000582911557385137,1.76143736234794e-06,330.929483980136,0,NA,NA,2154901192
"1.9","all","Placebo","mnwk","no","no","all","Male","LPM","curr_pts_grp4-6",0.00121527203106795,3.86773854200559e-06,314.20738963337,0,NA,NA,2154901192
"1.10","all","Placebo","mnwk","no","no","all","Male","LPM","curr_pts_grp7-9",0.00171763559063098,7.09079187812674e-06,242.234664358073,0,NA,NA,2154901192
"1.11","all","Placebo","mnwk","no","no","all","Male","LPM","curr_pts_grp10-150",0.00261378642450362,1.05911112076941e-05,246.79057496864,0,NA,NA,2154901192
"1.12","all","Placebo","mnwk","no","no","all","Male","LPM","month02",8.59482370419358e-05,2.79076936783186e-06,30.7973270857236,2.84583153016929e-208,NA,NA,2154901192
"1.13","all","Placebo","mnwk","no","no","all","Male","LPM","month03",8.23406218812532e-05,2.7236861082109e-06,30.2313183714625,9.18557759955387e-201,NA,NA,2154901192
"1.14","all","Placebo","mnwk","no","no","all","Male","LPM","month04",4.24269060928777e-06,2.63958781484458e-06,1.60733072998278,0.107981836773883,NA,NA,2154901192
"1.15","all","Placebo","mnwk","no","no","all","Male","LPM","month05",2.70793598622637e-05,2.65454793053195e-06,10.2011192002991,1.96000941978713e-24,NA,NA,2154901192
"1.16","all","Placebo","mnwk","no","no","all","Male","LPM","month06",3.87344608594947e-05,2.68347109013082e-06,14.4344617692924,3.14089575357795e-47,NA,NA,2154901192
"1.17","all","Placebo","mnwk","no","no","all","Male","LPM","month07",4.83179882245069e-05,2.66581970241316e-06,18.1250022950796,2.02337202049159e-73,NA,NA,2154901192
"1.18","all","Placebo","mnwk","no","no","all","Male","LPM","month08",-1.18270674993657e-05,2.61857783599573e-06,-4.51659955903827,6.2840582196184e-06,NA,NA,2154901192
"1.19","all","Placebo","mnwk","no","no","all","Male","LPM","month09",0.000142912768241744,2.79213348205844e-06,51.1840745294115,0,NA,NA,2154901192
"1.20","all","Placebo","mnwk","no","no","all","Male","LPM","month10",0.000109116678690028,2.74033384499846e-06,39.818753794974,0,NA,NA,2154901192
"1.21","all","Placebo","mnwk","no","no","all","Male","LPM","month11",0.000107682385968934,2.77112894882363e-06,38.8586702234284,0,NA,NA,2154901192
"1.22","all","Placebo","mnwk","no","no","all","Male","LPM","month12",-0.000261299951891689,2.33905770963812e-06,-111.711631061944,0,NA,NA,2154901192
"1.23","all","Placebo","mnwk","no","no","all","Male","LPM","weekdayMonday",0.000183062266409783,1.92600784180867e-06,95.0475187255072,0,NA,NA,2154901192
"1.24","all","Placebo","mnwk","no","no","all","Male","LPM","weekdayTuesday",0.000237538033049859,1.97966200484621e-06,119.989186269357,0,NA,NA,2154901192
"1.25","all","Placebo","mnwk","no","no","all","Male","LPM","weekdayWednesday",0.000279140856158575,2.01288210648144e-06,138.677200845368,0,NA,NA,2154901192
"1.26","all","Placebo","mnwk","no","no","all","Male","LPM","weekdayThursday",0.000259309696275731,1.99726390847752e-06,129.832464891131,0,NA,NA,2154901192
"1.27","all","Placebo","mnwk","no","no","all","Male","LPM","weekdayFriday",0.000197476664986404,1.94422039860471e-06,101.571131096107,0,NA,NA,2154901192
"1.28","all","Placebo","mnwk","no","no","all","Male","LPM","weekdaySaturday",3.80397415927084e-05,1.79898341910421e-06,21.145131849881,3.05940907924526e-99,NA,NA,2154901192
"2","all","Placebo","mnwk","with","no","all","Male","LPM","(Intercept)",-6.51934740966027e-05,2.70181833583169e-06,-24.1294809617666,1.22638361291312e-128,NA,NA,2154901192
"2.1","all","Placebo","mnwk","with","no","all","Male","LPM","policyTRUE",0.000167154484388052,2.87888633896255e-06,58.0622034728503,0,NA,NA,2154901192
"2.2","all","Placebo","mnwk","with","no","all","Male","LPM","age_grp20-24",0.000599682930544359,3.86093417130306e-06,155.320682492229,0,NA,NA,2154901192
"2.3","all","Placebo","mnwk","with","no","all","Male","LPM","age_grp25-34",0.00038650694711276,2.52702160582386e-06,152.949601310097,0,NA,NA,2154901192
"2.4","all","Placebo","mnwk","with","no","all","Male","LPM","age_grp35-44",0.00035867231709465,2.49834882599166e-06,143.563746328451,0,NA,NA,2154901192
"2.5","all","Placebo","mnwk","with","no","all","Male","LPM","age_grp45-54",0.000295162969896184,2.34193854474834e-06,126.033610300351,0,NA,NA,2154901192
"2.6","all","Placebo","mnwk","with","no","all","Male","LPM","age_grp55-64",0.000205889469203459,2.37617513601113e-06,86.6474301844115,0,NA,NA,2154901192
"2.7","all","Placebo","mnwk","with","no","all","Male","LPM","age_grp65-199",7.85448123417665e-05,2.21035536949061e-06,35.5349250287602,1.42066461620843e-276,NA,NA,2154901192
"2.8","all","Placebo","mnwk","with","no","all","Male","LPM","curr_pts_grp1-3",0.000582485167869202,1.76156963147662e-06,330.662584924866,0,NA,NA,2154901192
"2.9","all","Placebo","mnwk","with","no","all","Male","LPM","curr_pts_grp4-6",0.00121508047524032,3.86805739158515e-06,314.131966574149,0,NA,NA,2154901192
"2.10","all","Placebo","mnwk","with","no","all","Male","LPM","curr_pts_grp7-9",0.00171758291907185,7.09129808032198e-06,242.209945149261,0,NA,NA,2154901192
"2.11","all","Placebo","mnwk","with","no","all","Male","LPM","curr_pts_grp10-150",0.00261415844446068,1.05922832158407e-05,246.798390034663,0,NA,NA,2154901192
"2.12","all","Placebo","mnwk","with","no","all","Male","LPM","month02",8.59485683135057e-05,2.79076777015911e-06,30.7974634193964,2.8338952110497e-208,NA,NA,2154901192
"2.13","all","Placebo","mnwk","with","no","all","Male","LPM","month03",8.23428428670913e-05,2.72368473586346e-06,30.2321490379786,8.95753167818388e-201,NA,NA,2154901192
"2.14","all","Placebo","mnwk","with","no","all","Male","LPM","month04",4.23759103525581e-06,2.63957730815148e-06,1.60540516171638,0.108404669354134,NA,NA,2154901192
"2.15","all","Placebo","mnwk","with","no","all","Male","LPM","month05",2.70730207487575e-05,2.65453602202198e-06,10.1987769328275,2.00785242134883e-24,NA,NA,2154901192
"2.16","all","Placebo","mnwk","with","no","all","Male","LPM","month06",3.8727384197095e-05,2.68346286893582e-06,14.4318688532676,3.26124811063803e-47,NA,NA,2154901192
"2.17","all","Placebo","mnwk","with","no","all","Male","LPM","month07",4.83117267775215e-05,2.66581324931749e-06,18.1226973757034,2.10995338793268e-73,NA,NA,2154901192
"2.18","all","Placebo","mnwk","with","no","all","Male","LPM","month08",-1.18324587640301e-05,2.61857347059737e-06,-4.51866594422144,6.22304926471795e-06,NA,NA,2154901192
"2.19","all","Placebo","mnwk","with","no","all","Male","LPM","month09",0.000142908622905939,2.79212970977732e-06,51.1826590310293,0,NA,NA,2154901192
"2.20","all","Placebo","mnwk","with","no","all","Male","LPM","month10",0.000109113688578533,2.74033000501381e-06,39.8177184422658,0,NA,NA,2154901192
"2.21","all","Placebo","mnwk","with","no","all","Male","LPM","month11",0.00010768015573404,2.77112631911856e-06,38.8579022872875,0,NA,NA,2154901192
"2.22","all","Placebo","mnwk","with","no","all","Male","LPM","month12",-0.000261300730909618,2.3390559645856e-06,-111.712047452405,0,NA,NA,2154901192
"2.23","all","Placebo","mnwk","with","no","all","Male","LPM","weekdayMonday",0.000183062216700847,1.92600736938723e-06,95.0475162299554,0,NA,NA,2154901192
"2.24","all","Placebo","mnwk","with","no","all","Male","LPM","weekdayTuesday",0.000237538488937302,1.97966163661895e-06,119.9894388735,0,NA,NA,2154901192
"2.25","all","Placebo","mnwk","with","no","all","Male","LPM","weekdayWednesday",0.000279141242821237,2.01288166895417e-06,138.677423082834,0,NA,NA,2154901192
"2.26","all","Placebo","mnwk","with","no","all","Male","LPM","weekdayThursday",0.000259310090739768,1.99726345311651e-06,129.83269199421,0,NA,NA,2154901192
"2.27","all","Placebo","mnwk","with","no","all","Male","LPM","weekdayFriday",0.000197477122537064,1.94421996882788e-06,101.571388887708,0,NA,NA,2154901192
"2.28","all","Placebo","mnwk","with","no","all","Male","LPM","weekdaySaturday",3.80397606362898e-05,1.79898293321558e-06,21.1451481467341,3.05835264436164e-99,NA,NA,2154901192
"2.29","all","Placebo","mnwk","with","no","all","Male","LPM","policyTRUE:age_grp20-24",-0.000197614658430448,5.89158317289242e-06,-33.5418600792545,1.18343207037272e-246,NA,NA,2154901192
"2.30","all","Placebo","mnwk","with","no","all","Male","LPM","policyTRUE:age_grp25-34",-0.000182949990884313,4.03684192750494e-06,-45.3200779643579,0,NA,NA,2154901192
"2.31","all","Placebo","mnwk","with","no","all","Male","LPM","policyTRUE:age_grp35-44",-0.000163705845975444,4.02436123197217e-06,-40.6787155871737,0,NA,NA,2154901192
"2.32","all","Placebo","mnwk","with","no","all","Male","LPM","policyTRUE:age_grp45-54",-0.000178526804408804,3.78157253992056e-06,-47.2096733631758,0,NA,NA,2154901192
"2.33","all","Placebo","mnwk","with","no","all","Male","LPM","policyTRUE:age_grp55-64",-0.000176892497109864,3.81107286372422e-06,-46.4154067463835,0,NA,NA,2154901192
"2.34","all","Placebo","mnwk","with","no","all","Male","LPM","policyTRUE:age_grp65-199",-0.00017648878407095,3.59421862862944e-06,-49.1035193755727,0,NA,NA,2154901192
"3","all","Placebo","mnwk","no","no","all","Female","LPM","(Intercept)",-4.03503562212462e-05,2.23435426998399e-06,-18.0590682343026,6.69440125921673e-73,NA,NA,1793920694
"3.1","all","Placebo","mnwk","no","no","all","Female","LPM","policyTRUE",1.11487523220076e-06,8.31236736281578e-07,1.34122468791262,0.179847513302201,NA,NA,1793920694
"3.2","all","Placebo","mnwk","no","no","all","Female","LPM","age_grp20-24",0.000235893455004483,2.45828115919384e-06,95.9586962305975,0,NA,NA,1793920694
"3.3","all","Placebo","mnwk","no","no","all","Female","LPM","age_grp25-34",0.000186895347061852,1.91951848743154e-06,97.3657447352497,0,NA,NA,1793920694
"3.4","all","Placebo","mnwk","no","no","all","Female","LPM","age_grp35-44",0.000161622673804361,1.85362492206606e-06,87.1927604556673,0,NA,NA,1793920694
"3.5","all","Placebo","mnwk","no","no","all","Female","LPM","age_grp45-54",9.82458045303941e-05,1.76622353682369e-06,55.6247850184782,0,NA,NA,1793920694
"3.6","all","Placebo","mnwk","no","no","all","Female","LPM","age_grp55-64",3.2821826428033e-05,1.76160684407363e-06,18.6317546042987,1.77608288436538e-77,NA,NA,1793920694
"3.7","all","Placebo","mnwk","no","no","all","Female","LPM","age_grp65-199",-2.930745293442e-05,1.73160414173654e-06,-16.9250305124755,2.94197932146023e-64,NA,NA,1793920694
"3.8","all","Placebo","mnwk","no","no","all","Female","LPM","curr_pts_grp1-3",0.000402034687554976,1.84181765246077e-06,218.281482435482,0,NA,NA,1793920694
"3.9","all","Placebo","mnwk","no","no","all","Female","LPM","curr_pts_grp4-6",0.000875653688514812,5.32786935884682e-06,164.353445915637,0,NA,NA,1793920694
"3.10","all","Placebo","mnwk","no","no","all","Female","LPM","curr_pts_grp7-9",0.00124651330399039,1.19910698277333e-05,103.953468864589,0,NA,NA,1793920694
"3.11","all","Placebo","mnwk","no","no","all","Female","LPM","curr_pts_grp10-150",0.00186522366316842,2.40730740174109e-05,77.4817400477973,0,NA,NA,1793920694
"3.12","all","Placebo","mnwk","no","no","all","Female","LPM","month02",4.5735008683363e-05,2.04466708098081e-06,22.367948850345,8.07686028712379e-111,NA,NA,1793920694
"3.13","all","Placebo","mnwk","no","no","all","Female","LPM","month03",5.31705478761731e-05,2.0058028224113e-06,26.5083622787276,7.7636564136732e-155,NA,NA,1793920694
"3.14","all","Placebo","mnwk","no","no","all","Female","LPM","month04",3.88001182385824e-05,1.98763109793072e-06,19.5207844549104,7.31086797960454e-85,NA,NA,1793920694
"3.15","all","Placebo","mnwk","no","no","all","Female","LPM","month05",5.48955083833661e-05,2.01484742174145e-06,27.2454915399595,1.87952764198662e-163,NA,NA,1793920694
"3.16","all","Placebo","mnwk","no","no","all","Female","LPM","month06",4.53634229476199e-05,2.00717378758061e-06,22.6006453593137,4.27100261064249e-113,NA,NA,1793920694
"3.17","all","Placebo","mnwk","no","no","all","Female","LPM","month07",2.9327085359732e-05,1.95702844697154e-06,14.9855181743091,9.1311277091011e-51,NA,NA,1793920694
"3.18","all","Placebo","mnwk","no","no","all","Female","LPM","month08",6.82455553846611e-06,1.93605395374908e-06,3.52498210354658,0.000423511412826791,NA,NA,1793920694
"3.19","all","Placebo","mnwk","no","no","all","Female","LPM","month09",9.99908024469524e-05,2.09347955763245e-06,47.7629705446151,0,NA,NA,1793920694
"3.20","all","Placebo","mnwk","no","no","all","Female","LPM","month10",8.23433464968387e-05,2.05577073663852e-06,40.0547322857031,0,NA,NA,1793920694
"3.21","all","Placebo","mnwk","no","no","all","Female","LPM","month11",8.64469481938562e-05,2.08659882338063e-06,41.4295969235706,0,NA,NA,1793920694
"3.22","all","Placebo","mnwk","no","no","all","Female","LPM","month12",-0.000112711558108812,1.70261582168739e-06,-66.199054815025,0,NA,NA,1793920694
"3.23","all","Placebo","mnwk","no","no","all","Female","LPM","weekdayMonday",0.000152495124061285,1.4031883538373e-06,108.677586757513,0,NA,NA,1793920694
"3.24","all","Placebo","mnwk","no","no","all","Female","LPM","weekdayTuesday",0.000197975939576605,1.47192883414594e-06,134.501026805061,0,NA,NA,1793920694
"3.25","all","Placebo","mnwk","no","no","all","Female","LPM","weekdayWednesday",0.000218241443983411,1.49823249150461e-06,145.665939846385,0,NA,NA,1793920694
"3.26","all","Placebo","mnwk","no","no","all","Female","LPM","weekdayThursday",0.000200855491124821,1.47563261300369e-06,136.114836006487,0,NA,NA,1793920694
"3.27","all","Placebo","mnwk","no","no","all","Female","LPM","weekdayFriday",0.000137338814710415,1.38716100926523e-06,99.0071187072668,0,NA,NA,1793920694
"3.28","all","Placebo","mnwk","no","no","all","Female","LPM","weekdaySaturday",2.10518129251062e-05,1.20704299000136e-06,17.440814535597,4.04276183430374e-68,NA,NA,1793920694
"4","all","Placebo","mnwk","with","no","all","Female","LPM","(Intercept)",-9.76651470863861e-05,2.25638461421395e-06,-43.283909343802,0,NA,NA,1793920694
"4.1","all","Placebo","mnwk","with","no","all","Female","LPM","policyTRUE",0.000111710635816562,3.03818921666673e-06,36.7688211134928,5.8191818862089e-296,NA,NA,1793920694
"4.2","all","Placebo","mnwk","with","no","all","Female","LPM","age_grp20-24",0.000278029480675351,3.06327588195072e-06,90.7621420302175,0,NA,NA,1793920694
"4.3","all","Placebo","mnwk","with","no","all","Female","LPM","age_grp25-34",0.000245155332097525,2.27337254045633e-06,107.837729072031,0,NA,NA,1793920694
"4.4","all","Placebo","mnwk","with","no","all","Female","LPM","age_grp35-44",0.000218701113801144,2.14823272174862e-06,101.805131067516,0,NA,NA,1793920694
"4.5","all","Placebo","mnwk","with","no","all","Female","LPM","age_grp45-54",0.000161536080119341,2.01645659536562e-06,80.108880345154,0,NA,NA,1793920694
"4.6","all","Placebo","mnwk","with","no","all","Female","LPM","age_grp55-64",9.60855265739197e-05,2.01464059759036e-06,47.6936316526353,0,NA,NA,1793920694
"4.7","all","Placebo","mnwk","with","no","all","Female","LPM","age_grp65-199",3.24687633681488e-05,1.96787406005411e-06,16.4994112312533,3.70491130297492e-61,NA,NA,1793920694
"4.8","all","Placebo","mnwk","with","no","all","Female","LPM","curr_pts_grp1-3",0.000401626272564333,1.84201277281354e-06,218.036638231818,0,NA,NA,1793920694
"4.9","all","Placebo","mnwk","with","no","all","Female","LPM","curr_pts_grp4-6",0.000875236711760688,5.32805819422302e-06,164.269360404072,0,NA,NA,1793920694
"4.10","all","Placebo","mnwk","with","no","all","Female","LPM","curr_pts_grp7-9",0.00124596204576086,1.1991109373388e-05,103.907153788959,0,NA,NA,1793920694
"4.11","all","Placebo","mnwk","with","no","all","Female","LPM","curr_pts_grp10-150",0.00186438190977609,2.40728818455076e-05,77.4473917057844,0,NA,NA,1793920694
"4.12","all","Placebo","mnwk","with","no","all","Female","LPM","month02",4.57353063302053e-05,2.04466719123848e-06,22.3680932164334,8.05076893954037e-111,NA,NA,1793920694
"4.13","all","Placebo","mnwk","with","no","all","Female","LPM","month03",5.31715920568051e-05,2.00580242853015e-06,26.5088880641995,7.6560469576204e-155,NA,NA,1793920694
"4.14","all","Placebo","mnwk","with","no","all","Female","LPM","month04",3.87998759455637e-05,1.98762186733718e-06,19.5207532092329,7.31534017562493e-85,NA,NA,1793920694
"4.15","all","Placebo","mnwk","with","no","all","Female","LPM","month05",5.48934422601224e-05,2.01483590818018e-06,27.2446217765212,1.92465950894611e-163,NA,NA,1793920694
"4.16","all","Placebo","mnwk","with","no","all","Female","LPM","month06",4.536045319684e-05,2.00716705815562e-06,22.5992415591563,4.40894870684348e-113,NA,NA,1793920694
"4.17","all","Placebo","mnwk","with","no","all","Female","LPM","month07",2.93243990896794e-05,1.95702306930216e-06,14.9841867219971,9.315958493972e-51,NA,NA,1793920694
"4.18","all","Placebo","mnwk","with","no","all","Female","LPM","month08",6.82215527455073e-06,1.93605137364062e-06,3.52374702832504,0.000425490278423769,NA,NA,1793920694
"4.19","all","Placebo","mnwk","with","no","all","Female","LPM","month09",9.99889453908049e-05,2.09347663601715e-06,47.7621501336811,0,NA,NA,1793920694
"4.20","all","Placebo","mnwk","with","no","all","Female","LPM","month10",8.23420321616763e-05,2.05576741414192e-06,40.0541576810847,0,NA,NA,1793920694
"4.21","all","Placebo","mnwk","with","no","all","Female","LPM","month11",8.64461951129318e-05,2.08659837894398e-06,41.4292448346873,0,NA,NA,1793920694
"4.22","all","Placebo","mnwk","with","no","all","Female","LPM","month12",-0.000112711675988157,1.70261593733614e-06,-66.1991195527645,0,NA,NA,1793920694
"4.23","all","Placebo","mnwk","with","no","all","Female","LPM","weekdayMonday",0.000152495084916824,1.40318795965568e-06,108.677589390265,0,NA,NA,1793920694
"4.24","all","Placebo","mnwk","with","no","all","Female","LPM","weekdayTuesday",0.000197976130827927,1.47192878059867e-06,134.501161630528,0,NA,NA,1793920694
"4.25","all","Placebo","mnwk","with","no","all","Female","LPM","weekdayWednesday",0.000218241636617711,1.49823240969294e-06,145.666076374919,0,NA,NA,1793920694
"4.26","all","Placebo","mnwk","with","no","all","Female","LPM","weekdayThursday",0.000200855669291917,1.47563251494282e-06,136.114965791263,0,NA,NA,1793920694
"4.27","all","Placebo","mnwk","with","no","all","Female","LPM","weekdayFriday",0.000137339021989469,1.38716086346363e-06,99.0072785405327,0,NA,NA,1793920694
"4.28","all","Placebo","mnwk","with","no","all","Female","LPM","weekdaySaturday",2.10519494714729e-05,1.20704276485075e-06,17.4409309135588,4.03453768254967e-68,NA,NA,1793920694
"4.29","all","Placebo","mnwk","with","no","all","Female","LPM","policyTRUE:age_grp20-24",-8.00810963203893e-05,4.90816720002887e-06,-16.3158859624665,7.60948698458269e-60,NA,NA,1793920694
"4.30","all","Placebo","mnwk","with","no","all","Female","LPM","policyTRUE:age_grp25-34",-0.000112311015397986,3.81209750602377e-06,-29.461737329781,8.90704233852165e-191,NA,NA,1793920694
"4.31","all","Placebo","mnwk","with","no","all","Female","LPM","policyTRUE:age_grp35-44",-0.000109963584804002,3.67607815371403e-06,-29.9132880765615,1.32204485922948e-196,NA,NA,1793920694
"4.32","all","Placebo","mnwk","with","no","all","Female","LPM","policyTRUE:age_grp45-54",-0.000122308993863729,3.49061924786401e-06,-35.0393397786288,5.66812709749908e-269,NA,NA,1793920694
"4.33","all","Placebo","mnwk","with","no","all","Female","LPM","policyTRUE:age_grp55-64",-0.000122169834702556,3.47686351363256e-06,-35.1379437885715,1.7767037747929e-270,NA,NA,1793920694
"4.34","all","Placebo","mnwk","with","no","all","Female","LPM","policyTRUE:age_grp65-199",-0.000119193282665354,3.4160796726615e-06,-34.8918333548378,9.89021042433613e-267,NA,NA,1793920694
"5","all","Placebo","mnwk","no","no","all","Male","Logit","(Intercept)",-8.66320333532965,0.006550810868631,-1322.46274683551,0,NA,NA,2154901192
"5.1","all","Placebo","mnwk","no","no","all","Male","Logit","policyTRUE",-3.29278233808987e-05,0.00169021173161493,-0.019481478423675,0.984457012316863,-0.00215179885373765,-0.00765496153097567,2154901192
"5.2","all","Placebo","mnwk","no","no","all","Male","Logit","age_grp20-24",0.894928154252957,0.0058583740756887,152.760500215711,0,64.8593890471349,137.670269933513,2154901192
"5.3","all","Placebo","mnwk","no","no","all","Male","Logit","age_grp25-34",0.689712935897595,0.00562268363378697,122.666146776083,0,40.644423848694,94.519917607937,2154901192
"5.4","all","Placebo","mnwk","no","no","all","Male","Logit","age_grp35-44",0.666193644137574,0.00564739610444281,117.964745489249,0,37.3992376379781,90.1145198079591,2154901192
"5.5","all","Placebo","mnwk","no","no","all","Male","Logit","age_grp45-54",0.56571973704799,0.00565151812243944,100.100490663171,0,28.3816215621527,72.4151329097814,2154901192
"5.6","all","Placebo","mnwk","no","no","all","Male","Logit","age_grp55-64",0.405643130139435,0.00583569595509378,69.5106690377458,0,17.4165190655759,47.6340258991607,2154901192
"5.7","all","Placebo","mnwk","no","no","all","Male","Logit","age_grp65-199",0.0597178976421316,0.0062090014150549,9.61795523146996,6.71527671550545e-22,1.9364542364154,5.86183564461226,2154901192
"5.8","all","Placebo","mnwk","no","no","all","Male","Logit","curr_pts_grp1-3",0.856715081603813,0.00206709261802641,414.454134339552,0,NA,NA,2154901192
"5.9","all","Placebo","mnwk","no","no","all","Male","Logit","curr_pts_grp4-6",1.31190061786289,0.00261501301840877,501.68033911402,0,NA,NA,2154901192
"5.10","all","Placebo","mnwk","no","no","all","Male","Logit","curr_pts_grp7-9",1.55440796334407,0.00347118300609409,447.803518459016,0,NA,NA,2154901192
"5.11","all","Placebo","mnwk","no","no","all","Male","Logit","curr_pts_grp10-150",1.86453453798159,0.00366742242526104,508.40462913101,0,NA,NA,2154901192
"5.12","all","Placebo","mnwk","no","no","all","Male","Logit","month02",0.126423130417574,0.00408786848800726,30.9264182026566,5.27381049473982e-210,NA,NA,2154901192
"5.13","all","Placebo","mnwk","no","no","all","Male","Logit","month03",0.122240926526965,0.00401368619269137,30.4560248754766,9.96902692012505e-204,NA,NA,2154901192
"5.14","all","Placebo","mnwk","no","no","all","Male","Logit","month04",0.00500050545487329,0.00422788171580673,1.1827448805339,0.236910271363666,NA,NA,2154901192
"5.15","all","Placebo","mnwk","no","no","all","Male","Logit","month05",0.0421270046884891,0.00412507245723917,10.2124278119187,1.74444407916839e-24,NA,NA,2154901192
"5.16","all","Placebo","mnwk","no","no","all","Male","Logit","month06",0.059935381475382,0.0041520698843717,14.4350608598804,3.11370738888927e-47,NA,NA,2154901192
"5.17","all","Placebo","mnwk","no","no","all","Male","Logit","month07",0.074235598408949,0.0041087104483811,18.0678583564337,5.70870895784772e-73,NA,NA,2154901192
"5.18","all","Placebo","mnwk","no","no","all","Male","Logit","month08",-0.0197539999577311,0.00417840769968265,-4.72763822430047,2.27146430511319e-06,NA,NA,2154901192
"5.19","all","Placebo","mnwk","no","no","all","Male","Logit","month09",0.207801124242187,0.00400167832882606,51.9284927889612,0,NA,NA,2154901192
"5.20","all","Placebo","mnwk","no","no","all","Male","Logit","month10",0.159802211306497,0.00399610689569973,39.9894736245575,0,NA,NA,2154901192
"5.21","all","Placebo","mnwk","no","no","all","Male","Logit","month11",0.156951408821194,0.00401928731044346,39.0495619492993,0,NA,NA,2154901192
"5.22","all","Placebo","mnwk","no","no","all","Male","Logit","month12",-0.545915449523814,0.00486546889096999,-112.20202240672,0,NA,NA,2154901192
"5.23","all","Placebo","mnwk","no","no","all","Male","Logit","weekdayMonday",0.322687088468339,0.00340195472804428,94.8534340590256,0,NA,NA,2154901192
"5.24","all","Placebo","mnwk","no","no","all","Male","Logit","weekdayTuesday",0.40088449401554,0.00335446321888543,119.507792411788,0,NA,NA,2154901192
"5.25","all","Placebo","mnwk","no","no","all","Male","Logit","weekdayWednesday",0.457043020953962,0.00331867451285293,137.718543708904,0,NA,NA,2154901192
"5.26","all","Placebo","mnwk","no","no","all","Male","Logit","weekdayThursday",0.43057869164931,0.00333474324790737,129.11899346959,0,NA,NA,2154901192
"5.27","all","Placebo","mnwk","no","no","all","Male","Logit","weekdayFriday",0.343743492907588,0.00339396734344397,101.280730815394,0,NA,NA,2154901192
"5.28","all","Placebo","mnwk","no","no","all","Male","Logit","weekdaySaturday",0.0765098927254333,0.00359719399873484,21.2693262449405,2.18394770277778e-100,NA,NA,2154901192
"6","all","Placebo","mnwk","with","no","all","Male","Logit","(Intercept)",-9.14978542124202,0.0106404401854029,-859.906663804583,0,NA,NA,2154901192
"6.1","all","Placebo","mnwk","with","no","all","Male","Logit","policyTRUE",0.770472247879509,0.011764457346478,65.4915246141946,0,19.5808592053813,67.8711158608082,2154901192
"6.2","all","Placebo","mnwk","with","no","all","Male","Logit","age_grp20-24",1.41394793842323,0.0105573467725632,133.930235397575,0,85.6810063104104,181.760191115428,2154901192
"6.3","all","Placebo","mnwk","with","no","all","Male","Logit","age_grp25-34",1.18859207553707,0.010299765682103,115.399914155561,0,57.3818176364156,133.367580377726,2154901192
"6.4","all","Placebo","mnwk","with","no","all","Male","Logit","age_grp35-44",1.15310523898712,0.0103296269754235,111.630869317025,0,52.6055833427553,126.689062816654,2154901192
"6.5","all","Placebo","mnwk","with","no","all","Male","Logit","age_grp45-54",1.06058760757053,0.0103403168778016,102.568192068406,0,43.2728126463592,110.348247646188,2154901192
"6.6","all","Placebo","mnwk","with","no","all","Male","Logit","age_grp55-64",0.898066565399916,0.0105553083614154,85.0819828895548,0,31.1167375165572,85.0504930514847,2154901192
"6.7","all","Placebo","mnwk","with","no","all","Male","Logit","age_grp65-199",0.554755539917646,0.0109841322957122,50.5051764657096,0,14.337482911919,43.366988420199,2154901192
"6.8","all","Placebo","mnwk","with","no","all","Male","Logit","curr_pts_grp1-3",0.854701783713128,0.00206596539265584,413.705760392429,0,NA,NA,2154901192
"6.9","all","Placebo","mnwk","with","no","all","Male","Logit","curr_pts_grp4-6",1.31024094967731,0.00261401760451422,501.236467349958,0,NA,NA,2154901192
"6.10","all","Placebo","mnwk","with","no","all","Male","Logit","curr_pts_grp7-9",1.5529477869145,0.00347044310597635,447.478243985678,0,NA,NA,2154901192
"6.11","all","Placebo","mnwk","with","no","all","Male","Logit","curr_pts_grp10-150",1.86381063155806,0.00366732624700398,508.220568890126,0,NA,NA,2154901192
"6.12","all","Placebo","mnwk","with","no","all","Male","Logit","month02",0.126401489827353,0.0040878640460096,30.9211579457348,6.20645559626374e-210,NA,NA,2154901192
"6.13","all","Placebo","mnwk","with","no","all","Male","Logit","month03",0.122197323953353,0.00401368293465863,30.445186115267,1.38721741165753e-203,NA,NA,2154901192
"6.14","all","Placebo","mnwk","with","no","all","Male","Logit","month04",0.00506435069660767,0.00422788991051879,1.19784355879462,0.230977925963121,NA,NA,2154901192
"6.15","all","Placebo","mnwk","with","no","all","Male","Logit","month05",0.0421977604607176,0.00412507952841822,10.2295628896393,1.46177664407155e-24,NA,NA,2154901192
"6.16","all","Placebo","mnwk","with","no","all","Male","Logit","month06",0.0600009332111422,0.00415207563991291,14.4508285529212,2.47688243271387e-47,NA,NA,2154901192
"6.17","all","Placebo","mnwk","with","no","all","Male","Logit","month07",0.074294628849191,0.00410871324548402,18.0822131918916,4.40059315785228e-73,NA,NA,2154901192
"6.18","all","Placebo","mnwk","with","no","all","Male","Logit","month08",-0.0197116006830139,0.00417840794762186,-4.71749071179915,2.38771297775803e-06,NA,NA,2154901192
"6.19","all","Placebo","mnwk","with","no","all","Male","Logit","month09",0.207839988454212,0.00400167743979249,51.9382163058574,0,NA,NA,2154901192
"6.20","all","Placebo","mnwk","with","no","all","Male","Logit","month10",0.15984103101507,0.00399610373761815,39.9992196174423,0,NA,NA,2154901192
"6.21","all","Placebo","mnwk","with","no","all","Male","Logit","month11",0.156980067445368,0.00401928324609636,39.0567317189778,0,NA,NA,2154901192
"6.22","all","Placebo","mnwk","with","no","all","Male","Logit","month12",-0.545903579730434,0.00486546269928075,-112.199725590566,0,NA,NA,2154901192
"6.23","all","Placebo","mnwk","with","no","all","Male","Logit","weekdayMonday",0.32268775013785,0.00340195047838462,94.8537470454522,0,NA,NA,2154901192
"6.24","all","Placebo","mnwk","with","no","all","Male","Logit","weekdayTuesday",0.400888036953971,0.00335445911756805,119.508994715252,0,NA,NA,2154901192
"6.25","all","Placebo","mnwk","with","no","all","Male","Logit","weekdayWednesday",0.457046191200751,0.00331867040449994,137.719669473962,0,NA,NA,2154901192
"6.26","all","Placebo","mnwk","with","no","all","Male","Logit","weekdayThursday",0.430582139897938,0.00333473914932376,129.120186202646,0,NA,NA,2154901192
"6.27","all","Placebo","mnwk","with","no","all","Male","Logit","weekdayFriday",0.343745619231424,0.00339396315047211,101.281482441437,0,NA,NA,2154901192
"6.28","all","Placebo","mnwk","with","no","all","Male","Logit","weekdaySaturday",0.0765101097620924,0.0035971892901844,21.269414420549,2.17984668157955e-100,NA,NA,2154901192
"6.29","all","Placebo","mnwk","with","no","all","Male","Logit","policyTRUE:age_grp20-24",-0.830401029557877,0.0126633678494921,-65.5750539214717,0,-60.1383833162354,-127.567999372514,2154901192
"6.30","all","Placebo","mnwk","with","no","all","Male","Logit","policyTRUE:age_grp25-34",-0.792665354044081,0.0122644259628992,-64.6312641490075,0,-44.1713840905799,-102.656659760079,2154901192
"6.31","all","Placebo","mnwk","with","no","all","Male","Logit","policyTRUE:age_grp35-44",-0.769299353174978,0.0123172970787624,-62.4568319052248,0,-41.294344624055,-99.4384396978445,2154901192
"6.32","all","Placebo","mnwk","with","no","all","Male","Logit","policyTRUE:age_grp45-54",-0.784841655296461,0.0123410735020734,-63.595898295606,0,-35.4790235183832,-90.4679760466705,2154901192
"6.33","all","Placebo","mnwk","with","no","all","Male","Logit","policyTRUE:age_grp55-64",-0.780270929998345,0.0126982582088692,-61.4470833057529,0,-28.1647741913204,-76.9800662049901,2154901192
"6.34","all","Placebo","mnwk","with","no","all","Male","Logit","policyTRUE:age_grp65-199",-0.785779022692582,0.0134109720348309,-58.5922497378832,0,-18.0487675768882,-54.5968923437715,2154901192
"7","all","Placebo","mnwk","no","no","all","Female","Logit","(Intercept)",-9.58272774743725,0.0125650255364061,-762.650877204518,0,NA,NA,1793920694
"7.1","all","Placebo","mnwk","no","no","all","Female","Logit","policyTRUE",0.00188687498606867,0.00268805543993694,0.701947942752599,0.482711628654029,0.0585193498015186,0.28756767125849,1793920694
"7.2","all","Placebo","mnwk","no","no","all","Female","Logit","age_grp20-24",0.896492377636398,0.0114884389932135,78.0343071992616,0,27.5537075486524,90.2201652287415,1793920694
"7.3","all","Placebo","mnwk","no","no","all","Female","Logit","age_grp25-34",0.783387308751296,0.0110665017572807,70.7890646866708,0,22.7025769981486,73.9342449698487,1793920694
"7.4","all","Placebo","mnwk","no","no","all","Female","Logit","age_grp35-44",0.722560584014835,0.0110449389579145,65.4200613301777,0,19.8116530968214,65.9064350324435,1793920694
"7.5","all","Placebo","mnwk","no","no","all","Female","Logit","age_grp45-54",0.537085602116685,0.0110727967618156,48.5049634405663,0,12.5419511274553,44.2299535020123,1793920694
"7.6","all","Placebo","mnwk","no","no","all","Female","Logit","age_grp55-64",0.265738786936146,0.0113843300515413,23.3425055082769,1.64219734452754e-120,5.0297040190101,18.9402351770491,1793920694
"7.7","all","Placebo","mnwk","no","no","all","Female","Logit","age_grp65-199",-0.144164704601913,0.012159620978731,-11.8560195958475,2.00271495167044e-32,-2.07808114465323,-8.35598199662632,1793920694
"7.8","all","Placebo","mnwk","no","no","all","Female","Logit","curr_pts_grp1-3",0.966705598422953,0.00324358173785315,298.036453696029,0,NA,NA,1793920694
"7.9","all","Placebo","mnwk","no","no","all","Female","Logit","curr_pts_grp4-6",1.48173713696316,0.0049852596039186,297.223666305854,0,NA,NA,1793920694
"7.10","all","Placebo","mnwk","no","no","all","Female","Logit","curr_pts_grp7-9",1.75222919676091,0.00811318023196667,215.97316300912,0,NA,NA,1793920694
"7.11","all","Placebo","mnwk","no","no","all","Female","Logit","curr_pts_grp10-150",2.06668635567121,0.0113889887775732,181.46355185992,0,NA,NA,1793920694
"7.12","all","Placebo","mnwk","no","no","all","Female","Logit","month02",0.149522018229839,0.0066936979210215,22.337730204446,1.58915460335092e-110,NA,NA,1793920694
"7.13","all","Placebo","mnwk","no","no","all","Female","Logit","month03",0.173110523084636,0.0065416744355531,26.4627236940751,2.60460303513612e-154,NA,NA,1793920694
"7.14","all","Placebo","mnwk","no","no","all","Female","Logit","month04",0.1301362318374,0.00675066749770407,19.2775354261871,8.29349797744582e-83,NA,NA,1793920694
"7.15","all","Placebo","mnwk","no","no","all","Female","Logit","month05",0.179686358541242,0.00654913797016835,27.436642709273,1.00286802806865e-165,NA,NA,1793920694
"7.16","all","Placebo","mnwk","no","no","all","Female","Logit","month06",0.150957354643095,0.0066788297938778,22.6023658787458,4.10764529189001e-113,NA,NA,1793920694
"7.17","all","Placebo","mnwk","no","no","all","Female","Logit","month07",0.0980778437205675,0.00672347269317698,14.5873789031816,3.37933627618762e-48,NA,NA,1793920694
"7.18","all","Placebo","mnwk","no","no","all","Female","Logit","month08",0.023310657567185,0.00678404138124675,3.43610191288382,0.000590148932026563,NA,NA,1793920694
"7.19","all","Placebo","mnwk","no","no","all","Female","Logit","month09",0.31121354227583,0.00643990683805919,48.3257832918623,0,NA,NA,1793920694
"7.20","all","Placebo","mnwk","no","no","all","Female","Logit","month10",0.257553724696601,0.00642237021151603,40.1025970497276,0,NA,NA,1793920694
"7.21","all","Placebo","mnwk","no","no","all","Female","Logit","month11",0.267699310797951,0.00644026879106533,41.5664810713077,0,NA,NA,1793920694
"7.22","all","Placebo","mnwk","no","no","all","Female","Logit","month12",-0.544749308689572,0.00803386070110468,-67.8066659302006,0,NA,NA,1793920694
"7.23","all","Placebo","mnwk","no","no","all","Female","Logit","weekdayMonday",0.622142611741075,0.00580670689921926,107.142072527326,0,NA,NA,1793920694
"7.24","all","Placebo","mnwk","no","no","all","Female","Logit","weekdayTuesday",0.750512361795002,0.005692181967793,131.849678390727,0,NA,NA,1793920694
"7.25","all","Placebo","mnwk","no","no","all","Female","Logit","weekdayWednesday",0.803042714691167,0.00564652171569269,142.219007581139,0,NA,NA,1793920694
"7.26","all","Placebo","mnwk","no","no","all","Female","Logit","weekdayThursday",0.757960638628048,0.00568505303867829,133.32516574098,0,NA,NA,1793920694
"7.27","all","Placebo","mnwk","no","no","all","Female","Logit","weekdayFriday",0.574844303244033,0.00586537823535782,98.0063484702047,0,NA,NA,1793920694
"7.28","all","Placebo","mnwk","no","no","all","Female","Logit","weekdaySaturday",0.113346410293381,0.00644544546756517,17.5855045029493,3.18137311448013e-69,NA,NA,1793920694
"8","all","Placebo","mnwk","with","no","all","Female","Logit","(Intercept)",-10.1886609229278,0.0222504701759334,-457.907668573586,0,NA,NA,1793920694
"8.1","all","Placebo","mnwk","with","no","all","Female","Logit","policyTRUE",0.936902747303534,0.024615901181602,38.0608753826074,0,12.2296731088218,52.6354222761525,1793920694
"8.2","all","Placebo","mnwk","with","no","all","Female","Logit","age_grp20-24",1.48169966604451,0.0221653163871609,66.8476659734385,0,35.2132294983369,115.246676525099,1793920694
"8.3","all","Placebo","mnwk","with","no","all","Female","Logit","age_grp25-34",1.39514206973136,0.0216790653223204,64.3543459548942,0,31.6094990494632,102.893239939985,1793920694
"8.4","all","Placebo","mnwk","with","no","all","Female","Logit","age_grp35-44",1.33012477111082,0.0216537257199419,61.4270628673312,0,28.3577267156725,94.2906441937781,1793920694
"8.5","all","Placebo","mnwk","with","no","all","Female","Logit","age_grp45-54",1.16016003649889,0.0216879034943144,53.493415663853,0,21.0717092602936,74.2687893128504,1793920694
"8.6","all","Placebo","mnwk","with","no","all","Female","Logit","age_grp55-64",0.892450432633408,0.0220170409012938,40.5345312585109,0,12.9873951119365,48.8742344733158,1793920694
"8.7","all","Placebo","mnwk","with","no","all","Female","Logit","age_grp65-199",0.486007073896144,0.0228458206816248,21.273347132898,2.00454328833701e-100,5.28376790872458,21.2299169639257,1793920694
"8.8","all","Placebo","mnwk","with","no","all","Female","Logit","curr_pts_grp1-3",0.965130697026678,0.0032432622665906,297.580219450229,0,NA,NA,1793920694
"8.9","all","Placebo","mnwk","with","no","all","Female","Logit","curr_pts_grp4-6",1.48050335728693,0.00498575642636145,296.946587574753,0,NA,NA,1793920694
"8.10","all","Placebo","mnwk","with","no","all","Female","Logit","curr_pts_grp7-9",1.75089521565927,0.00811426574509854,215.779870990411,0,NA,NA,1793920694
"8.11","all","Placebo","mnwk","with","no","all","Female","Logit","curr_pts_grp10-150",2.06495863849418,0.0113908661703954,181.281968166825,0,NA,NA,1793920694
"8.12","all","Placebo","mnwk","with","no","all","Female","Logit","month02",0.149511411828676,0.00669410086618157,22.3348011656059,1.69682113814893e-110,NA,NA,1793920694
"8.13","all","Placebo","mnwk","with","no","all","Female","Logit","month03",0.173094462095955,0.00654207266143697,26.4586578373366,2.90089374191074e-154,NA,NA,1793920694
"8.14","all","Placebo","mnwk","with","no","all","Female","Logit","month04",0.130183324306952,0.00675109669862906,19.2832853858231,7.42099841405146e-83,NA,NA,1793920694
"8.15","all","Placebo","mnwk","with","no","all","Female","Logit","month05",0.179720096767037,0.0065495287541282,27.4401569202607,9.10566686041436e-166,NA,NA,1793920694
"8.16","all","Placebo","mnwk","with","no","all","Female","Logit","month06",0.150978221033677,0.00667923700050254,22.6041119700226,3.94838120822482e-113,NA,NA,1793920694
"8.17","all","Placebo","mnwk","with","no","all","Female","Logit","month07",0.0980975059333937,0.00672389787445946,14.5893807081774,3.2816300707661e-48,NA,NA,1793920694
"8.18","all","Placebo","mnwk","with","no","all","Female","Logit","month08",0.0233215606298798,0.006784468119113,3.43749284696011,0.00058712622679837,NA,NA,1793920694
"8.19","all","Placebo","mnwk","with","no","all","Female","Logit","month09",0.311220395278272,0.00644029431429722,48.3239398838301,0,NA,NA,1793920694
"8.20","all","Placebo","mnwk","with","no","all","Female","Logit","month10",0.257560223309413,0.00642274983825574,40.1012385342039,0,NA,NA,1793920694
"8.21","all","Placebo","mnwk","with","no","all","Female","Logit","month11",0.267705719872232,0.00644064670459051,41.5650372006009,0,NA,NA,1793920694
"8.22","all","Placebo","mnwk","with","no","all","Female","Logit","month12",-0.544745233900219,0.00803640221056702,-67.7847150537011,0,NA,NA,1793920694
"8.23","all","Placebo","mnwk","with","no","all","Female","Logit","weekdayMonday",0.622143395422362,0.00580776677149409,107.122654868992,0,NA,NA,1793920694
"8.24","all","Placebo","mnwk","with","no","all","Female","Logit","weekdayTuesday",0.750516775726612,0.00569324599584783,131.825811896056,0,NA,NA,1793920694
"8.25","all","Placebo","mnwk","with","no","all","Female","Logit","weekdayWednesday",0.803047037544131,0.00564758954043597,142.192882785554,0,NA,NA,1793920694
"8.26","all","Placebo","mnwk","with","no","all","Female","Logit","weekdayThursday",0.757965372818495,0.00568611753233357,133.301038627569,0,NA,NA,1793920694
"8.27","all","Placebo","mnwk","with","no","all","Female","Logit","weekdayFriday",0.574847565278979,0.00586643671135274,97.9892213217835,0,NA,NA,1793920694
"8.28","all","Placebo","mnwk","with","no","all","Female","Logit","weekdaySaturday",0.113347518196277,0.00644680365662422,17.5819715061138,3.38595446728402e-69,NA,NA,1793920694
"8.29","all","Placebo","mnwk","with","no","all","Female","Logit","policyTRUE:age_grp20-24",-0.895123702913859,0.0259773891249879,-34.4578009209106,3.44090599345521e-260,-28.0960416793659,-91.9370884597083,1793920694
"8.30","all","Placebo","mnwk","with","no","all","Female","Logit","policyTRUE:age_grp25-34",-0.945098457676487,0.0252233216197902,-37.4692307350577,2.92114353155276e-307,-25.478926595846,-82.9300567075469,1793920694
"8.31","all","Placebo","mnwk","with","no","all","Female","Logit","policyTRUE:age_grp35-44",-0.937073094233552,0.025193003603274,-37.1957670863737,7.98872199105011e-303,-23.4430213347478,-77.942441328718,1793920694
"8.32","all","Placebo","mnwk","with","no","all","Female","Logit","policyTRUE:age_grp45-54",-0.967603241786568,0.0252636146246387,-38.3002692276227,0,-18.4534433377384,-65.0395288569602,1793920694
"8.33","all","Placebo","mnwk","with","no","all","Female","Logit","policyTRUE:age_grp55-64",-0.974912255414587,0.025831421770875,-37.7413316255709,0,-13.1901018121441,-49.6391798175233,1793920694
"8.34","all","Placebo","mnwk","with","no","all","Female","Logit","policyTRUE:age_grp65-199",-0.981826915639994,0.0272243023258062,-36.0643554383875,8.21548824088793e-285,-8.20775091176618,-32.9819637088639,1793920694
