"","(Intercept)","policyTRUE","age_grp16-19","age_grp20-24","age_grp25-34","age_grp35-44","age_grp45-54","age_grp55-64","age_grp65-199","curr_pts_reg1","curr_pts_reg2","curr_pts_reg3","curr_pts_reg4","curr_pts_reg5","curr_pts_reg6","curr_pts_reg7","curr_pts_reg8","curr_pts_reg9","curr_pts_reg10-150","month02","month03","month04","month05","month06","month07","month08","month09","month10","month11","month12","weekdayMonday","weekdayTuesday","weekdayWednesday","weekdayThursday","weekdayFriday","weekdaySaturday","policyTRUE:age_grp16-19","policyTRUE:age_grp20-24","policyTRUE:age_grp25-34","policyTRUE:age_grp35-44","policyTRUE:age_grp45-54","policyTRUE:age_grp55-64","policyTRUE:age_grp65-199","policyTRUE:curr_pts_reg1","policyTRUE:curr_pts_reg2","policyTRUE:curr_pts_reg3","policyTRUE:curr_pts_reg4","policyTRUE:curr_pts_reg5","policyTRUE:curr_pts_reg6","policyTRUE:curr_pts_reg7","policyTRUE:curr_pts_reg8","policyTRUE:curr_pts_reg9","policyTRUE:curr_pts_reg10-150"
"(Intercept)",2.2309620763031e-11,-2.15236388518864e-11,-2.15496842564704e-11,-2.15392891101572e-11,-2.15406682804258e-11,-2.15420647527009e-11,-2.15361338938593e-11,-2.1531081635645e-11,-2.15264306199061e-11,-5.86422986819273e-14,-6.65577773139054e-14,-2.34944065725227e-13,-1.91839046349495e-13,-1.09624552933697e-13,-1.75122311901549e-13,-1.39850550255392e-13,-2.08547702912273e-13,-5.03399380625775e-13,-1.84113260395192e-13,-6.08765330071737e-13,-6.13648529537036e-13,-6.13648627019347e-13,-6.01623313317849e-13,-5.9737405142124e-13,-5.85606138748123e-13,-5.70834687348589e-13,-6.09584220695693e-13,-5.97218631442072e-13,-6.15916998041354e-13,-5.58898560529879e-13,-2.83890995647498e-13,-2.97096344599916e-13,-3.00602025230391e-13,-2.96032387791319e-13,-2.93692625139984e-13,-2.56682105480242e-13,2.14993688473271e-11,2.15086283897432e-11,2.15097159781504e-11,2.15115320133956e-11,2.15132856751349e-11,2.15150741473682e-11,2.15168998654076e-11,2.27343444511518e-15,3.38887109690792e-15,1.58584890843054e-13,5.97953263303793e-14,-2.72810962038693e-14,1.38835911855421e-14,-6.42753405377923e-14,5.20240862764721e-15,3.26335877309378e-13,-8.1244349054849e-14
"policyTRUE",-2.15236388519047e-11,4.03104147631151e-11,2.15162082821958e-11,2.15243763886631e-11,2.15242541156424e-11,2.15242432693853e-11,2.15248970584412e-11,2.15248681669889e-11,2.15251180335788e-11,2.757319371137e-14,1.42924187837997e-14,1.76003257872045e-13,8.44447396011368e-14,2.78636116265858e-15,3.94321881621983e-14,2.7486739749412e-15,2.52376737778867e-15,3.91305296867208e-13,2.28808553460388e-15,-2.34868980867825e-15,-4.75262470726924e-15,-6.32816362936362e-15,-6.99563260532242e-15,8.51450055573877e-15,-3.37459701711487e-15,-2.502274468339e-14,-1.81965664542525e-15,-1.08004388539567e-14,-6.04088216041881e-15,1.19040840582967e-15,-3.85685008738063e-15,-3.06760248366757e-16,9.10193599123192e-16,1.54596084339076e-15,8.01886416490863e-16,4.62711189847044e-15,-4.0285773382127e-11,-4.03030983011381e-11,-4.0302675231318e-11,-4.03026947802544e-11,-4.03039114447983e-11,-4.03040865956073e-11,-4.03042690396412e-11,-5.83326908496804e-14,-3.56200567454473e-14,-3.69160374709457e-13,-1.46963778055675e-13,-7.12947295681284e-15,-6.35932305455739e-14,-7.80298830620138e-14,-7.25317253635102e-15,-8.76383666986657e-13,-7.51362269969515e-15
"age_grp16-19",-2.1549684256557e-11,2.15162082822973e-11,2.92538885492634e-11,2.15026641474352e-11,2.15095566404607e-11,2.15115297732437e-11,2.15139550988193e-11,2.15178078251229e-11,2.15191550981445e-11,-2.53237886261006e-13,-2.81350689373066e-13,-2.14446577190079e-13,-4.38841148070647e-13,-3.13804486571686e-13,-2.59033261742006e-13,-6.30436061036096e-13,-2.63032143820482e-13,-3.48573361312479e-13,-7.57655873490536e-13,2.68079222220342e-15,7.65800879694362e-15,4.60031180440675e-15,9.55464428198072e-15,1.34341271235363e-14,2.23684111876937e-14,1.61134722745471e-14,4.69171078461167e-14,5.32002763471273e-14,6.21387169108736e-14,3.73769792779859e-15,1.32711628681629e-14,1.95028134782648e-14,1.86274640851572e-14,1.7511645549063e-14,1.92872146791463e-14,4.25455254768713e-15,-2.92538910966101e-11,-2.1502671998618e-11,-2.15095501059438e-11,-2.15115120379041e-11,-2.15139387886108e-11,-2.1517785773393e-11,-2.15191259693574e-11,2.53264812377949e-13,2.81272506033817e-13,2.14330662508167e-13,4.38707182847024e-13,3.13611597522171e-13,2.58788523708955e-13,6.30146079427046e-13,2.62703636951488e-13,3.48299694734416e-13,7.57151099946876e-13
"age_grp20-24",-2.1539289110218e-11,2.1524376388684e-11,2.15026641474094e-11,2.41755212693647e-11,2.14666135786518e-11,2.1473285915152e-11,2.14881226731817e-11,2.15019673546081e-11,2.15127867830658e-11,-7.76334071807722e-14,-9.82836961209982e-14,6.41056096356158e-14,-2.28848246086817e-14,-1.53372271698079e-13,-7.63634089747497e-14,-2.49327300213848e-13,-2.22908262805176e-13,3.48733531139606e-13,3.35960063239162e-14,4.75884740267882e-15,6.2481425824465e-15,-3.27624612002477e-15,-7.1716743016562e-15,-7.26134779673683e-15,-4.23161519706903e-15,-1.81688239358598e-14,4.57590327081849e-15,6.83886879854947e-15,1.5442042551929e-14,-2.77566079480799e-14,2.15654873086222e-14,2.60405267522047e-14,2.55880372124222e-14,2.35285511405859e-14,2.00175595619273e-14,4.72464010965937e-15,-2.15028577583059e-11,-2.41756251151806e-11,-2.14666187752424e-11,-2.14732312834817e-11,-2.14880883528286e-11,-2.15019463190319e-11,-2.15127672977197e-11,7.74357445167852e-14,9.81618180612381e-14,-6.42627625718379e-14,2.25872738507876e-14,1.53092758817526e-13,7.58741694398701e-14,2.48856040744009e-13,2.22320336481009e-13,-3.49463413396793e-13,-3.46669488649335e-14
"age_grp25-34",-2.15406682804052e-11,2.15242541155764e-11,2.15095566403539e-11,2.14666135785706e-11,2.23618491745486e-11,2.14854915401732e-11,2.14964029477992e-11,2.15070014267912e-11,2.1515178642391e-11,-1.09823202022874e-13,-1.09152849679979e-13,6.09500441460504e-14,-7.68774772743914e-14,-1.37085877825531e-13,-8.67038612430906e-14,-1.85673772783882e-13,-1.30579798809321e-13,3.29741858275414e-13,-1.60461356196379e-13,3.63971654589793e-15,3.85346405822005e-15,-4.27567526569612e-15,-8.01548559944324e-15,-1.23063005387954e-14,-1.60615613779069e-14,-2.97507404877478e-14,-1.8044158626242e-15,-2.95470705629515e-15,8.20711866019776e-15,-2.57067614031295e-14,2.40907521562589e-14,3.57059549287618e-14,3.55036187793592e-14,3.50553452319891e-14,2.57368248447345e-14,8.35311181107114e-15,-2.15097561262215e-11,-2.14667263655786e-11,-2.23618708817194e-11,-2.1485454338248e-11,-2.14963918331953e-11,-2.15070113467734e-11,-2.15151980316798e-11,1.09587946289035e-13,1.0905646476679e-13,-6.10423305433592e-14,7.66258049681506e-14,1.36901216180253e-13,8.6318901496112e-14,1.85324991514442e-13,1.3016084449617e-13,-3.30329514403252e-13,1.5959802091791e-13
"age_grp35-44",-2.15420647528125e-11,2.15242432695202e-11,2.15115297732686e-11,2.14732859152027e-11,2.14854915403051e-11,2.2175102417208e-11,2.14992225754465e-11,2.15087586139617e-11,2.15160498376464e-11,-1.0297690064364e-13,-1.16944625852529e-13,5.74076343500963e-14,-1.4921263504043e-14,-1.39982051753173e-13,-1.04982203939047e-13,-1.08461439027728e-13,-1.71060800794256e-13,3.23825799801802e-13,-1.53558512345025e-13,6.75872409212784e-15,5.0907333043921e-15,-5.66684970987268e-15,-9.83885080673874e-15,-1.30095869046173e-14,-2.05468444973438e-14,-3.14038808259811e-14,-6.8754166026083e-15,-7.65373762740348e-15,1.04828392987636e-14,-2.35020004359885e-14,2.55828995877208e-14,3.82376097100714e-14,4.12153496746245e-14,3.9066509576773e-14,2.84566305758571e-14,8.02245261279736e-15,-2.15117903486658e-11,-2.14734352192325e-11,-2.1485519113362e-11,-2.21750509469769e-11,-2.14992077768176e-11,-2.15087725084071e-11,-2.15160771027857e-11,1.02653914339957e-13,1.16809112973554e-13,-5.75319846037997e-14,1.45790028901278e-14,1.3972997524069e-13,1.04459230604929e-13,1.07979821207286e-13,1.70488764258292e-13,-3.24620977293978e-13,1.52394862572905e-13
"age_grp45-54",-2.15361338939641e-11,2.15248970586006e-11,2.15139550988381e-11,2.14881226732263e-11,2.1496402947925e-11,2.14992225754404e-11,2.1999416839579e-11,2.15128856050478e-11,2.1518204466226e-11,-8.00220234170351e-14,-9.06762371889733e-14,7.95259430698956e-14,-2.99351005244556e-14,-9.30006690845852e-14,-7.25272720085519e-14,-6.95819233423474e-14,-8.71457753519624e-14,3.3063415890139e-13,-1.21090556789396e-13,3.51666741004307e-15,2.58789649155788e-15,-3.789784218662e-15,-8.36995082183602e-15,-1.24040124792218e-14,-2.05564758349147e-14,-3.21278394209301e-14,-9.18905696160665e-15,-1.0339805507972e-14,2.00631253265276e-15,-2.087219930804e-14,1.88708869266785e-14,3.13524109013127e-14,3.196341270003e-14,3.13733995692016e-14,2.25691114780477e-14,6.49261400539887e-15,-2.15141369303642e-11,-2.14882334837615e-11,-2.14964339768145e-11,-2.14992003597555e-11,-2.19994214591806e-11,-2.15129131534227e-11,-2.15182442786267e-11,7.97821357832357e-14,9.05998008095059e-14,-7.95800182057848e-14,2.97266099118302e-14,9.28747908381192e-14,7.22222849216119e-14,6.93164641805545e-14,8.68424898238095e-14,-3.31113591969226e-13,1.20405643527148e-13
"age_grp55-64",-2.15310816356459e-11,2.15248681670075e-11,2.15178078250382e-11,2.15019673545492e-11,2.15070014268135e-11,2.1508758613852e-11,2.15128856049442e-11,2.20227750020948e-11,2.15204056491983e-11,-6.98357539565002e-14,-8.33547364572991e-14,7.56788686268214e-14,-7.09278622235142e-15,-8.99101282547379e-14,-4.2390970857196e-14,-5.53952012609544e-14,-6.969137968376e-14,2.75712406536343e-13,-5.58598022606205e-14,-1.94605851965622e-17,3.15851703288819e-16,-3.7594780295301e-15,-9.17297695536814e-15,-1.20993563798252e-14,-2.02884354510538e-14,-3.13664244099619e-14,-1.12592657443919e-14,-1.11882711792081e-14,-1.6912013989207e-15,-1.59460781809654e-14,1.49888068866724e-14,2.42763549754187e-14,2.63512988559183e-14,2.42429299528232e-14,1.71321405523632e-14,4.57368719924481e-15,-2.15179511075766e-11,-2.15020589986927e-11,-2.15070352016643e-11,-2.15087513839719e-11,-2.1512902026029e-11,-2.20228128507577e-11,-2.15204566156919e-11,6.96324318288536e-14,8.33051799320458e-14,-7.56931781196209e-14,6.94913103819864e-15,8.98515908288265e-14,4.21978329798136e-14,5.52374398313989e-14,6.95265080631409e-14,-2.76025378883066e-13,5.54162426426422e-14
"age_grp65-199",-2.15264306199679e-11,2.15251180336416e-11,2.15191550981196e-11,2.15127867830666e-11,2.15151786424731e-11,2.15160498375966e-11,2.15182044661823e-11,2.15204056492582e-11,2.19672702504473e-11,-3.11710545721035e-14,-4.86384950892137e-14,8.56027514471754e-14,3.45516126217433e-14,-4.58057734286362e-14,-2.95203693658689e-14,-4.05592595807422e-14,-3.44569842971757e-14,9.74576103179632e-14,-5.30757059592864e-14,-7.49875262806889e-16,-2.61910524284937e-15,-1.95563261703882e-15,-8.58509370433525e-15,-1.25478205642616e-14,-1.72112226519636e-14,-2.87793450274577e-14,-1.13101642814163e-14,-1.165123520243e-14,-2.43857520861789e-15,-9.98550970463047e-15,8.66645323481847e-15,1.74350152873839e-14,1.66881101433536e-14,1.650781386517e-14,1.02091968332121e-14,2.92252563984801e-15,-2.15192507619358e-11,-2.15128571535169e-11,-2.1515215865803e-11,-2.15160605622404e-11,-2.15182340883828e-11,-2.15204538079244e-11,-2.19673313369637e-11,3.10147194582594e-14,4.86183978975477e-14,-8.55775839596002e-14,-3.46232671096316e-14,4.58158013267281e-14,2.94467423322112e-14,4.05139471208485e-14,3.44378655445407e-14,-9.75908820200554e-14,5.28954654351688e-14
"curr_pts_reg1",-5.86422986816767e-14,2.75731937109866e-14,-2.53237886261242e-13,-7.76334071809658e-14,-1.09823202023047e-13,-1.02976900643855e-13,-8.00220234172159e-14,-6.98357539566816e-14,-3.11710545723092e-14,3.18905549245325e-11,1.1018171433262e-13,1.07961308265079e-13,1.12642136574631e-13,1.11063105824166e-13,1.0754726546297e-13,1.20870959995161e-13,1.12519878674191e-13,8.69831804515458e-14,1.08127176460993e-13,-4.54201539240734e-15,4.46307744051444e-15,-1.21499355365158e-15,1.15741136764255e-14,1.90958427984202e-15,-1.15497258454383e-15,2.04029107535579e-15,2.39081769857906e-14,2.09322654449789e-14,1.15183054939944e-14,-4.41626623306973e-14,3.49675196064797e-14,4.64528849959428e-14,4.89110485601361e-14,4.59093487579489e-14,2.88041490148472e-14,-1.43168899647346e-15,2.53411716124194e-13,7.77261960752887e-14,1.09813294881381e-13,1.02906906456013e-13,7.99800318169259e-14,6.98117686858156e-14,3.11548379556284e-14,-3.18902998248543e-11,-1.10050365746752e-13,-1.07838597567378e-13,-1.12368760435812e-13,-1.10826530367341e-13,-1.07092616789378e-13,-1.20407753294521e-13,-1.11960409323491e-13,-8.63042702955009e-14,-1.07108812868813e-13
"curr_pts_reg2",-6.65577773138563e-14,1.42924187836625e-14,-2.81350689373067e-13,-9.82836961209276e-14,-1.0915284967981e-13,-1.16944625852555e-13,-9.06762371889964e-14,-8.33547364574456e-14,-4.86384950894163e-14,1.1018171433262e-13,7.08556343375912e-12,1.0647417975243e-13,1.10035710386269e-13,1.09677420319573e-13,1.06631741004107e-13,1.1605813466333e-13,1.11717696238906e-13,8.4141882892471e-14,1.06667389086429e-13,9.41299802816609e-15,5.09729137202084e-15,1.21008740989228e-14,1.60910329274935e-14,1.27098591294016e-14,-4.59359202937676e-16,-2.32747549887378e-15,2.16029392737149e-14,2.05999542620305e-14,2.25467859995089e-14,-4.55136982573432e-14,5.62199870442653e-14,6.97169161101099e-14,7.49069165539918e-14,7.2081406247739e-14,4.78393866529412e-14,5.72405221426612e-15,2.81674603475649e-13,9.84111717227384e-14,1.09109061202155e-13,1.16800749570067e-13,9.056989462428e-14,8.32726193499735e-14,4.85640534049477e-14,-1.09836225765806e-13,-7.08533680408437e-12,-1.06231347569667e-13,-1.09549155127987e-13,-1.09237127262393e-13,-1.05842718019061e-13,-1.15257869003422e-13,-1.10671823547881e-13,-8.29809877117746e-14,-1.04846966584127e-13
"curr_pts_reg3",-2.3494406572569e-13,1.7600325787234e-13,-2.14446577190027e-13,6.41056096358723e-14,6.09500441463424e-14,5.74076343502281e-14,7.95259430703543e-14,7.56788686269176e-14,8.56027514473993e-14,1.07961308265079e-13,1.0647417975243e-13,7.26992880863431e-12,1.07632021507789e-13,1.05854578772787e-13,1.02338535935709e-13,1.13981414433069e-13,1.06827275932889e-13,8.66323053670154e-14,1.02303232781585e-13,1.59886325747777e-14,1.30115220120325e-14,1.36792490066358e-14,2.4906004480075e-14,1.80819437260558e-14,6.6045105228701e-15,-2.21726199733378e-15,2.14592142564033e-14,2.02182476542453e-14,2.37370540568195e-14,-4.94457739460668e-14,5.69755936857761e-14,7.43380736843908e-14,8.5046747250147e-14,7.75483105343133e-14,5.05943698352076e-14,8.25629046714245e-15,2.14717206354022e-13,-6.40042938043355e-14,-6.09745699307782e-14,-5.75133717538452e-14,-7.95910647976995e-14,-7.57137019368995e-14,-8.56187274401495e-14,-1.07653541501033e-13,-1.06309390931411e-13,-7.26981697349239e-12,-1.0728599673938e-13,-1.05621604331938e-13,-1.01840984941549e-13,-1.13472333058551e-13,-1.06182386940082e-13,-8.59122954692239e-14,-1.01077281853443e-13
"curr_pts_reg4",-1.91839046350124e-13,8.44447396018278e-14,-4.38841148070395e-13,-2.28848246082049e-14,-7.68774772737296e-14,-1.49212635033795e-14,-2.99351005238688e-14,-7.09278622201558e-15,3.45516126224416e-14,1.12642136574631e-13,1.1003571038627e-13,1.07632021507789e-13,9.02071910788158e-11,1.09439348217417e-13,1.03769811845175e-13,1.22117168687776e-13,1.11100896930109e-13,7.68499943358811e-14,1.01291169411641e-13,2.75623364174905e-14,1.63552802671296e-14,2.57193040320272e-14,4.58432421321573e-14,2.51830647116861e-14,7.08797077795101e-15,4.40293082840967e-15,4.16435380326399e-14,6.46400017647055e-14,5.3883575156628e-14,-7.51412974823226e-14,1.09818876466341e-13,1.33640041031486e-13,1.40322663870352e-13,1.31330417918463e-13,9.11578553829859e-14,1.10823644485703e-14,4.39388183887742e-13,2.3085271608518e-14,7.68058639258396e-14,1.46850502167515e-14,2.97666500435647e-14,6.97293838498122e-15,-3.46505888721836e-14,-1.12071690810429e-13,-1.09692881300312e-13,-1.07294103397119e-13,-9.02064398445515e-11,-1.0880418498472e-13,-1.02582027251329e-13,-1.20923440717842e-13,-1.09515445039884e-13,-7.50705972789988e-14,-9.84877353866852e-14
"curr_pts_reg5",-1.09624552933695e-13,2.78636116197389e-15,-3.13804486572287e-13,-1.53372271698753e-13,-1.37085877825675e-13,-1.39982051753747e-13,-9.30006690848854e-14,-8.99101282553548e-14,-4.58057734285824e-14,1.11063105824167e-13,1.09677420319574e-13,1.05854578772788e-13,1.09439348217418e-13,6.20357238135305e-11,1.06079973958579e-13,1.21169710615925e-13,1.1554212775369e-13,7.25263850200392e-14,9.88703101018641e-14,2.49810847574467e-14,1.51627109834802e-14,1.51243384287711e-14,4.16174254309133e-14,2.45537350144423e-14,1.35830581618479e-14,-2.12431719729514e-15,4.67941294163851e-14,4.8024834605586e-14,4.56277560860747e-14,-9.38176767457208e-14,1.17099451368883e-13,1.28447119102497e-13,1.58020263213097e-13,1.3575463815079e-13,9.79858000800008e-14,9.80860629776155e-15,3.14353363086327e-13,1.53574406919169e-13,1.37024065650055e-13,1.39759994484812e-13,9.2846713783509e-14,8.98068395064181e-14,4.5727388497378e-14,-1.10468343713188e-13,-1.09346738625067e-13,-1.05561261874181e-13,-1.08724015290971e-13,-6.20351577397752e-11,-1.04971877748191e-13,-1.20051044849282e-13,-1.14081392789025e-13,-7.08849292250919e-14,-9.62223577043989e-14
"curr_pts_reg6",-1.75122311901134e-13,3.94321881618168e-14,-2.59033261742143e-13,-7.63634089748991e-14,-8.67038612432608e-14,-1.04982203939391e-13,-7.25272720088608e-14,-4.23909708572662e-14,-2.95203693660246e-14,1.0754726546297e-13,1.06631741004107e-13,1.02338535935709e-13,1.03769811845174e-13,1.06079973958579e-13,1.10030164333896e-10,1.12783274707524e-13,1.09175838109312e-13,6.7120705866158e-14,8.93794088747698e-14,3.32333353579436e-14,3.1042133489861e-14,3.72762823722773e-14,5.85687754210478e-14,4.36879184500005e-14,1.68894909866657e-14,2.48549445944411e-15,4.68308840793679e-14,3.76771276861256e-14,5.81361403521412e-14,-1.07345163867614e-13,1.40384434199322e-13,1.77918163704732e-13,1.96800197395855e-13,1.7293664125087e-13,1.01677320215976e-13,1.31878984263297e-14,2.5964569755213e-13,7.65954528775131e-14,8.66808323350373e-14,1.04781229811477e-13,7.24265255051523e-14,4.23710372138424e-14,2.95552299439862e-14,-1.06843025749578e-13,-1.06292414191267e-13,-1.02176635142869e-13,-1.03044208232323e-13,-1.05679999246756e-13,-1.1002920588503e-10,-1.11803661417557e-13,-1.07943439984868e-13,-6.57290062977437e-14,-8.69342768885499e-14
"curr_pts_reg7",-1.39850550255762e-13,2.74867397586316e-15,-6.30436061035671e-13,-2.49327300213552e-13,-1.85673772783529e-13,-1.08461439027475e-13,-6.9581923341958e-14,-5.53952012608382e-14,-4.05592595802495e-14,1.20870959995162e-13,1.1605813466333e-13,1.13981414433071e-13,1.22117168687776e-13,1.21169710615923e-13,1.12783274707525e-13,4.29563487951597e-10,1.2854834804174e-13,8.0583182484074e-14,1.1264142320068e-13,1.25640210215229e-14,4.18390935535173e-15,-4.22368885499336e-15,5.82620929242789e-14,3.35506994593709e-14,-1.09482935369831e-14,-2.25130259061758e-16,4.56678419949469e-14,3.18962959033334e-14,3.25019481040392e-14,-1.49603343502744e-13,1.64679054413242e-13,2.07707432585014e-13,2.05552302038291e-13,2.07385064343714e-13,1.40589353605252e-13,7.80640807580836e-15,6.31273278407443e-13,2.4964925348666e-13,1.85586912804063e-13,1.08125706575396e-13,6.93571799258393e-14,5.52525397234772e-14,4.04597924138225e-14,-1.19927572396584e-13,-1.15559136102615e-13,-1.13562441685729e-13,-1.21031408880638e-13,-1.20352551331701e-13,-1.11125840868756e-13,-4.29561830343046e-10,-1.26424161381038e-13,-7.81393899893561e-14,-1.08640781705667e-13
"curr_pts_reg8",-2.08547702912696e-13,2.52376737768241e-15,-2.63032143820241e-13,-2.22908262804493e-13,-1.30579798808604e-13,-1.71060800793379e-13,-8.71457753512907e-14,-6.96913796834507e-14,-3.44569842960545e-14,1.12519878674191e-13,1.11717696238904e-13,1.0682727593289e-13,1.1110089693011e-13,1.15542127753691e-13,1.09175838109311e-13,1.28548348041738e-13,4.38113975679567e-10,6.74316523997312e-14,9.63633807184387e-14,8.17898991411812e-14,5.08122406432318e-14,7.09534412248172e-14,7.8887671107911e-14,5.49587209173357e-14,4.06512215884096e-14,1.27466150549979e-14,6.91960231640536e-14,1.10650440840864e-13,6.76661062545892e-14,-1.06121908177611e-13,1.9762769922145e-13,2.47740919977636e-13,2.39823508073132e-13,2.49251895917625e-13,1.60137101242012e-13,4.31823367292265e-14,2.63847721062953e-13,2.23196493642565e-13,1.30527152596404e-13,1.70782827854226e-13,8.69734354509469e-14,6.95995781739257e-14,3.44140609702351e-14,-1.11667601564183e-13,-1.11221152875259e-13,-1.06470324821903e-13,-1.10046315619144e-13,-1.14792363088338e-13,-1.07698989725315e-13,-1.27036254908004e-13,-4.38111992457039e-10,-6.53118621995705e-14,-9.28128111948487e-14
"curr_pts_reg9",-5.03399380625964e-13,3.91305296867694e-13,-3.48573361312691e-13,3.48733531139836e-13,3.29741858275975e-13,3.23825799801796e-13,3.30634158900896e-13,2.75712406535866e-13,9.74576103179202e-14,8.69831804515455e-14,8.41418828924702e-14,8.6632305367017e-14,7.68499943358825e-14,7.25263850200404e-14,6.71207058661566e-14,8.05831824840764e-14,6.74316523997305e-14,3.85674431713504e-10,5.19110017984687e-14,1.95841162788656e-14,5.44017665169962e-14,2.07317723588554e-14,3.51792957955704e-14,2.33569772036991e-14,-2.01604644946324e-14,-3.74713554420683e-15,2.28429361688998e-14,3.45823477167601e-14,3.45101477547491e-14,-1.32417288885148e-13,1.16362041448648e-13,1.59891434886774e-13,1.72816206291038e-13,1.73540734454419e-13,1.13194907500608e-13,1.68088528497553e-16,3.48932212712312e-13,-3.48635002762649e-13,-3.29821981569476e-13,-3.24020213932891e-13,-3.30780412619375e-13,-2.7582769814124e-13,-9.7558257410124e-14,-8.6634476135884e-14,-8.3864383210021e-14,-8.63772149544811e-14,-7.63111502187757e-14,-7.20364970530061e-14,-6.62409798551084e-14,-7.96593261091691e-14,-6.61943962426777e-14,-3.85673187545318e-10,-4.98232946492779e-14
"curr_pts_reg10-150",-1.84113260394672e-13,2.28808553366862e-15,-7.57655873491809e-13,3.35960063227249e-14,-1.60461356196096e-13,-1.53558512345677e-13,-1.21090556789187e-13,-5.58598022618443e-14,-5.30757059592053e-14,1.08127176460994e-13,1.06667389086427e-13,1.02303232781584e-13,1.0129116941164e-13,9.88703101018615e-14,8.93794088747677e-14,1.12641423200678e-13,9.63633807184382e-14,5.19110017984652e-14,5.59770544634096e-10,5.39988910645758e-14,2.83179392700591e-14,2.92258432788609e-14,4.79527572075631e-14,5.41268445275989e-15,1.53106836124477e-14,1.5683357379035e-15,6.54098191422983e-14,7.14814750560412e-14,9.83536080501465e-14,-2.44387334377562e-13,1.90558373664046e-13,2.48864121011082e-13,3.01291870512345e-13,2.64026368204159e-13,1.59481258289667e-13,1.58205144699396e-14,7.58572767778694e-13,-3.32756720860327e-14,1.60341931231873e-13,1.53179059621732e-13,1.20811387194867e-13,5.5651499166005e-14,5.28991220888884e-14,-1.07141947169855e-13,-1.06058859232038e-13,-1.01747732682478e-13,-1.00059297018912e-13,-9.7815444559204e-14,-8.74432627528855e-14,-1.10608998003093e-13,-9.37033120276699e-14,-4.90919762756645e-14,-5.5976594208252e-10
"month02",-6.08765330071862e-13,-2.3486898083134e-15,2.68079222190076e-15,4.75884740224181e-15,3.63971654575976e-15,6.75872409180186e-15,3.51666741007101e-15,-1.94605848585316e-17,-7.49875263192364e-16,-4.54201539240609e-15,9.4129980281641e-15,1.59886325747762e-14,2.75623364174874e-14,2.49810847574477e-14,3.32333353579427e-14,1.25640210215203e-14,8.17898991411773e-14,1.95841162788622e-14,5.39988910645682e-14,1.39359680970281e-12,5.84027451813839e-13,5.84297062172009e-13,5.84044443161167e-13,5.84043639641633e-13,5.84076276571958e-13,5.84163308324752e-13,5.8406765546979e-13,5.83809725052489e-13,5.84107153074819e-13,5.83966538406184e-13,1.94866592117822e-14,1.95315238203623e-14,1.50579982837493e-14,1.43738714561313e-14,1.59494842148568e-14,1.06175674278005e-14,1.31725866272072e-14,1.17402003137684e-14,1.40819716710538e-14,1.16389086593778e-14,1.06187688139299e-14,8.8422469441648e-15,6.60004311036132e-15,2.55383224713938e-14,1.5845280901205e-14,1.88723312843417e-14,3.31033652359616e-14,1.72686601056391e-14,3.39423017757756e-14,7.32634222643589e-14,-9.82698298353207e-16,5.02728319772364e-14,4.82677379910569e-14
"month03",-6.13648529537177e-13,-4.75262470678933e-15,7.65800879667972e-15,6.2481425820304e-15,3.85346405809006e-15,5.09073330406377e-15,2.58789649157663e-15,3.15851703616288e-16,-2.61910524318742e-15,4.46307744051606e-15,5.09729137202055e-15,1.30115220120311e-14,1.63552802671256e-14,1.51627109834824e-14,3.10421334898642e-14,4.18390935535174e-15,5.08122406432348e-14,5.44017665169965e-14,2.83179392700604e-14,5.84027451813839e-13,1.37076017919827e-12,5.84601020018511e-13,5.8409247987134e-13,5.84255492058295e-13,5.84304795242585e-13,5.8424995163685e-13,5.84410344890718e-13,5.83888855202524e-13,5.84284969317965e-13,5.84234073567336e-13,9.93958554250632e-15,2.02613224840335e-14,2.07408136455574e-14,2.45001954670434e-14,2.93830427394583e-14,9.14604228146887e-15,2.20211070600617e-14,2.40521867859209e-14,2.11487056976652e-14,1.70093066075677e-14,1.51441564151857e-14,1.19560178314931e-14,1.06151670105767e-14,3.16685645584888e-14,3.2786161691003e-14,3.45741505834847e-14,5.72245311290515e-14,6.24978204895444e-14,5.81962533832481e-14,1.27799624798353e-13,5.77064158318555e-14,6.23392976584459e-14,9.34014491562404e-14
"month04",-6.13648627019775e-13,-6.32816362881596e-15,4.60031180443434e-15,-3.27624612018999e-15,-4.27567526555196e-15,-5.66684970989372e-15,-3.7897842183839e-15,-3.75947802891374e-15,-1.95563261713617e-15,-1.21499355365129e-15,1.2100874098922e-14,1.36792490066339e-14,2.5719304032023e-14,1.51243384287718e-14,3.72762823722796e-14,-4.22368885499431e-15,7.09534412248175e-14,2.07317723588555e-14,2.92258432788587e-14,5.84297062172013e-13,5.84601020018513e-13,1.41150055216601e-12,5.84269809197794e-13,5.84197072459723e-13,5.84305242869692e-13,5.84235684398697e-13,5.84502775649913e-13,5.84154346721881e-13,5.84551748707596e-13,5.84025746014597e-13,2.16844173928242e-14,1.94175589468146e-14,2.5220499357594e-14,2.50700008110637e-14,3.59237234121432e-14,1.41861204098014e-14,2.76874581505174e-14,3.44392186146748e-14,3.00579961715888e-14,2.57310714268467e-14,2.14286130841115e-14,1.89806909133038e-14,1.36510952578081e-14,3.92332471988301e-14,2.41467875955e-14,3.40743637540568e-14,5.41015135204331e-14,6.1336584426524e-14,6.73401507512105e-14,1.44728980400559e-13,6.15162984087057e-14,1.2605789363832e-13,1.42787791560149e-13
"month05",-6.0162331331773e-13,-6.9956326051098e-15,9.55464428142624e-15,-7.17167430238315e-15,-8.01548559984905e-15,-9.83885080729337e-15,-8.36995082211509e-15,-9.17297695525633e-15,-8.58509370495028e-15,1.15741136764265e-14,1.60910329274932e-14,2.49060044800721e-14,4.58432421321527e-14,4.16174254309153e-14,5.85687754210489e-14,5.82620929242808e-14,7.88876711079091e-14,3.51792957955693e-14,4.79527572075596e-14,5.84044443161165e-13,5.84092479871338e-13,5.84269809197791e-13,1.40475404325783e-12,5.83978340672767e-13,5.84025883636493e-13,5.84102895806032e-13,5.8418632241805e-13,5.83953800295344e-13,5.84275167676222e-13,5.83798845961458e-13,1.97217072889196e-14,1.89410579896439e-14,1.71133219286063e-14,1.68047341137117e-14,2.54159625535569e-14,5.51074903976207e-15,2.53931534833691e-14,3.22837053114174e-14,2.24787755862632e-14,1.99656042987947e-14,1.82541479948669e-14,1.5401962707717e-14,1.34362598532651e-14,1.77284886138812e-14,1.43412154782792e-14,1.87308691379288e-14,2.53355705828566e-14,3.35476120590837e-14,3.6941368182965e-14,4.96979254748504e-14,4.09200165337671e-14,8.80206018812618e-14,1.09031147527981e-13
"month06",-5.97374051422256e-13,8.51450055705534e-15,1.34341271241244e-14,-7.26134779630384e-15,-1.23063005380327e-14,-1.30095869040385e-14,-1.24040124783279e-14,-1.20993563786046e-14,-1.25478205637136e-14,1.90958427984223e-15,1.27098591293998e-14,1.80819437260541e-14,2.51830647116839e-14,2.45537350144395e-14,4.36879184500013e-14,3.35506994593664e-14,5.49587209173348e-14,2.33569772036983e-14,5.41268445275701e-15,5.84043639641637e-13,5.84255492058297e-13,5.84197072459724e-13,5.83978340672772e-13,1.37657091909176e-12,5.84025821596732e-13,5.84073581774419e-13,5.84304450005418e-13,5.83811106097474e-13,5.84212343046325e-13,5.83641704937626e-13,1.52951800951504e-14,1.78996418521614e-14,2.79710521417568e-14,2.10402387690089e-14,2.12022304199764e-14,9.20467180951593e-15,1.12931793309603e-14,6.51592823898897e-15,7.5640333094657e-15,2.2534235773742e-15,1.03341428212767e-15,-1.01161077270332e-15,-3.39848943185675e-15,2.52670341069238e-14,1.17465266913186e-14,1.58512765409375e-14,3.18843708169409e-14,1.86072304597265e-14,4.04447979777547e-14,5.77492065866535e-14,2.2808817636927e-14,9.35923010706481e-14,1.35930569686644e-13
"month07",-5.85606138748547e-13,-3.37459701654977e-15,2.23684111876885e-14,-4.23161519724939e-15,-1.60615613778e-14,-2.05468444974012e-14,-2.05564758346563e-14,-2.02884354504466e-14,-1.72112226520642e-14,-1.15497258454371e-15,-4.59359202938805e-16,6.60451052286814e-15,7.08797077794794e-15,1.35830581618459e-14,1.68894909866647e-14,-1.09482935369815e-14,4.06512215884097e-14,-2.0160464494632e-14,1.53106836124442e-14,5.84076276571958e-13,5.84304795242584e-13,5.8430524286969e-13,5.84025883636494e-13,5.84025821596728e-13,1.28395854137075e-12,5.84086943432853e-13,5.84111237464743e-13,5.84031646430424e-13,5.8433607039128e-13,5.84034414580437e-13,1.07722112582364e-14,1.42827932723358e-14,1.47845435050657e-14,1.25238057253224e-14,2.47186618739536e-14,1.16686299498313e-14,7.24716226906527e-15,1.38594167475677e-14,1.53418909049177e-14,1.43672116998134e-14,1.18615274428533e-14,9.68879791833576e-15,6.21450269652827e-15,1.33808384241861e-14,1.41346538862959e-14,1.27404678631543e-14,2.72643889145437e-14,6.67671647985863e-15,1.60687492250799e-14,5.68591820421623e-14,1.85324549837854e-14,7.43093394974231e-14,8.01944000172693e-14
"month08",-5.70834687349508e-13,-2.50227446820539e-14,1.61134722750498e-14,-1.81688239355318e-14,-2.9750740487153e-14,-3.14038808255606e-14,-3.21278394201503e-14,-3.13664244088755e-14,-2.87793450270651e-14,2.04029107535603e-15,-2.32747549887478e-15,-2.21726199733324e-15,4.40293082840716e-15,-2.12431719729532e-15,2.4854944594452e-15,-2.25130259058952e-16,1.27466150550002e-14,-3.74713554420607e-15,1.56833573790054e-15,5.84163308324755e-13,5.84249951636852e-13,5.84235684398697e-13,5.84102895806037e-13,5.84073581774418e-13,5.84086943432856e-13,1.22013285776606e-12,5.84268525819773e-13,5.83974742017575e-13,5.84357528336991e-13,5.83812047916069e-13,1.61419612105028e-14,1.94047414099007e-14,1.5966121137461e-14,1.43619566718889e-14,2.01359787604848e-14,9.18341683902331e-15,2.90425946850282e-14,3.21549380489839e-14,3.38907356453312e-14,2.91126471985146e-14,2.94239396467947e-14,2.75930837648805e-14,2.54890255664643e-14,1.04941739955495e-14,3.21981409302603e-15,6.34163408539206e-15,9.96757860389975e-15,4.19054024048742e-16,4.24034357613079e-15,1.45041990969031e-14,2.2008370214354e-16,1.77070720071823e-14,3.8120199137973e-14
"month09",-6.09584220696127e-13,-1.81965664491826e-15,4.69171078461164e-14,4.57590327063773e-15,-1.80441586246659e-15,-6.87541660270096e-15,-9.1890569613279e-15,-1.12592657437978e-14,-1.13101642815098e-14,2.3908176985791e-14,2.16029392737133e-14,2.14592142564017e-14,4.16435380326387e-14,4.67941294163843e-14,4.68308840793663e-14,4.56678419949473e-14,6.91960231640548e-14,2.2842936168898e-14,6.54098191422993e-14,5.84067655469792e-13,5.8441034489072e-13,5.84502775649913e-13,5.84186322418054e-13,5.84304450005417e-13,5.84111237464746e-13,5.84268525819772e-13,1.47430189003996e-12,5.83935749205431e-13,5.84372985522388e-13,5.83911423656511e-13,2.53296821666028e-14,2.56814492644449e-14,3.52040010839312e-14,3.20415328206397e-14,3.14631645177568e-14,5.37601609037988e-15,8.7284784960778e-15,1.27433921242271e-14,1.01485400763031e-14,1.23100020940944e-14,9.8563480968462e-15,8.56842330173243e-15,5.46982375187601e-15,1.22632765503711e-14,1.22459798719099e-14,1.97335271153387e-14,2.36179360245017e-14,1.70999562729645e-14,3.9071719340822e-14,8.69946319191128e-14,5.58825883668889e-14,9.03866096264623e-14,1.15699441944318e-13
"month10",-5.97218631442016e-13,-1.08004388538936e-14,5.32002763466081e-14,6.83886879788805e-15,-2.95470705663193e-15,-7.65373762793533e-15,-1.03398055082042e-14,-1.1188271179064e-14,-1.16512352029555e-14,2.09322654449801e-14,2.05999542620296e-14,2.02182476542446e-14,6.46400017647025e-14,4.80248346055863e-14,3.76771276861276e-14,3.18962959033345e-14,1.10650440840864e-13,3.45823477167618e-14,7.14814750560391e-14,5.83809725052489e-13,5.83888855202522e-13,5.84154346721878e-13,5.83953800295344e-13,5.8381110609747e-13,5.84031646430424e-13,5.83974742017571e-13,5.83935749205428e-13,1.4217341799506e-12,5.83923348247768e-13,5.83997366374354e-13,1.590542870265e-14,4.92895677321898e-15,1.07119258180749e-14,9.77495958523056e-15,2.11059431985412e-14,4.71050926896897e-15,1.40839577301999e-14,1.81325833767625e-14,2.34491900101705e-14,2.32812512228524e-14,1.90976977763561e-14,1.61721777349929e-14,1.38773141107363e-14,1.11411433970139e-14,1.40714268538029e-14,1.81637873634949e-14,2.7411896160459e-14,1.18822629463975e-14,4.22908095721403e-14,5.58933880727996e-14,2.25604628378964e-14,5.92726767558288e-14,6.17258710182939e-14
"month11",-6.15916998040881e-13,-6.04088216071878e-15,6.21387169099485e-14,1.54420425508275e-14,8.20711865943997e-15,1.0482839297773e-14,2.00631253202954e-15,-1.69120139920817e-15,-2.43857520961011e-15,1.15183054939949e-14,2.25467859995084e-14,2.37370540568179e-14,5.38835751566266e-14,4.56277560860777e-14,5.81361403521417e-14,3.25019481040417e-14,6.76661062545911e-14,3.45101477547481e-14,9.83536080501426e-14,5.84107153074817e-13,5.84284969317962e-13,5.84551748707592e-13,5.84275167676221e-13,5.84212343046319e-13,5.84336070391278e-13,5.84357528336986e-13,5.84372985522383e-13,5.83923348247767e-13,1.42639177020955e-12,5.84006487539261e-13,2.47092186137819e-14,2.30674405194502e-14,2.74027545397853e-14,1.32044157847941e-14,3.27038951340699e-14,1.29652725334577e-14,4.76798768117334e-15,5.7792591587484e-15,1.37119359652274e-14,7.87589235961843e-15,1.10662952578509e-14,1.11834964489372e-14,9.64534180029969e-15,1.36958909073661e-14,5.20233854843604e-15,7.54259153225254e-15,2.15764100318118e-14,1.37616455236953e-14,9.05853656267698e-15,4.89596704823025e-14,3.16249978991633e-14,5.60454201254605e-14,2.10146182315182e-14
"month12",-5.58898560529943e-13,1.19040840622794e-15,3.73769792746478e-15,-2.77566079485435e-14,-2.57067614033193e-14,-2.35020004363681e-14,-2.0872199308081e-14,-1.59460781806761e-14,-9.98550970504924e-15,-4.41626623306966e-14,-4.5513698257344e-14,-4.94457739460687e-14,-7.5141297482326e-14,-9.38176767457186e-14,-1.07345163867612e-13,-1.49603343502745e-13,-1.06121908177612e-13,-1.32417288885145e-13,-2.44387334377563e-13,5.83966538406185e-13,5.84234073567338e-13,5.84025746014596e-13,5.83798845961461e-13,5.83641704937623e-13,5.84034414580439e-13,5.83812047916068e-13,5.8391142365651e-13,5.83997366374357e-13,5.84006487539265e-13,9.17780782711651e-13,-1.64685965811543e-15,-5.19821390396278e-15,-1.16804574315912e-14,-5.19814569718222e-15,1.26647550483149e-14,7.80543510115703e-15,-2.15360975662491e-16,2.79001034486027e-15,7.31123990869132e-15,3.85589199019289e-15,4.11556067565602e-15,2.33762936191052e-15,3.87629422598201e-17,1.43214586745684e-14,1.06369990165332e-14,1.78229900561601e-14,2.02111312854023e-14,2.50254486604254e-14,3.04711831827078e-14,6.92187415842486e-14,-6.40636967729192e-15,5.98323205425085e-14,1.19247968286901e-13
"weekdayMonday",-2.83890995647831e-13,-3.85685008688549e-15,1.32711628681184e-14,2.15654873084921e-14,2.40907521563987e-14,2.55828995877065e-14,1.88708869268273e-14,1.49888068870349e-14,8.66645323478103e-15,3.49675196064796e-14,5.62199870442638e-14,5.69755936857753e-14,1.09818876466338e-13,1.17099451368883e-13,1.40384434199326e-13,1.64679054413241e-13,1.97627699221452e-13,1.16362041448649e-13,1.90558373664044e-13,1.94866592117832e-14,9.93958554250729e-15,2.16844173928225e-14,1.97217072889213e-14,1.52951800951483e-14,1.07722112582369e-14,1.61419612105019e-14,2.53296821666026e-14,1.59054287026513e-14,2.47092186137857e-14,-1.64685965811482e-15,6.9419047249457e-13,2.40479716119336e-13,2.40457209019476e-13,2.40338829925056e-13,2.40358271684665e-13,2.40435925518278e-13,7.45954732070872e-15,5.39771492515351e-15,3.0556562777755e-15,2.71785198969766e-15,4.37177547231538e-15,4.05784130620036e-15,4.71590771746993e-15,1.13244471618002e-14,-6.87745198819319e-15,-1.99957129756053e-16,-1.58331267631535e-14,-1.97927986516885e-15,-1.42290602558843e-14,-2.73044506666216e-14,-3.00329527609388e-14,-4.06005814953712e-15,8.71942118226285e-16
"weekdayTuesday",-2.97096344599927e-13,-3.06760248250831e-16,1.95028134779302e-14,2.60405267517579e-14,3.57059549285899e-14,3.82376097097058e-14,3.13524109011211e-14,2.42763549753883e-14,1.7435015286979e-14,4.64528849959433e-14,6.97169161101093e-14,7.43380736843898e-14,1.33640041031483e-13,1.28447119102498e-13,1.77918163704733e-13,2.07707432585012e-13,2.47740919977637e-13,1.59891434886774e-13,2.48864121011077e-13,1.95315238203615e-14,2.0261322484032e-14,1.94175589468106e-14,1.8941057989644e-14,1.78996418521576e-14,1.42827932723343e-14,1.94047414098978e-14,2.56814492644421e-14,4.92895677321779e-15,2.30674405194516e-14,-5.19821390396436e-15,2.40479716119334e-13,7.63134863779882e-13,2.40598108434235e-13,2.40453721381352e-13,2.40490485238316e-13,2.40461029448568e-13,4.40936082056477e-15,1.3668558498638e-15,-2.51554816805576e-15,-4.42448257400999e-17,-9.76596396189458e-16,-5.08601161122123e-16,-3.38821493103017e-16,1.25127933562027e-14,-4.82663625200621e-16,2.63775344994739e-15,-6.68910951693197e-15,2.69484359954045e-14,-8.08973792447491e-15,1.14811274402021e-14,-2.55177586635875e-14,1.00943397561859e-14,1.12377093960834e-14
"weekdayWednesday",-3.00602025230779e-13,9.10193599642797e-16,1.86274640851688e-14,2.55880372123381e-14,3.55036187795634e-14,4.12153496746439e-14,3.19634127002269e-14,2.63512988562861e-14,1.66881101433647e-14,4.89110485601368e-14,7.49069165539913e-14,8.50467472501461e-14,1.40322663870352e-13,1.58020263213098e-13,1.96800197395853e-13,2.05552302038287e-13,2.39823508073132e-13,1.72816206291039e-13,3.01291870512344e-13,1.50579982837504e-14,2.0740813645558e-14,2.52204993575926e-14,1.71133219286084e-14,2.79710521417553e-14,1.47845435050662e-14,1.59661211374602e-14,3.52040010839318e-14,1.07119258180764e-14,2.74027545397897e-14,-1.16804574315896e-14,2.40457209019476e-13,2.40598108434236e-13,7.88614407725773e-13,2.40562961087237e-13,2.40505086404612e-13,2.40472236261075e-13,5.82936647784146e-15,-1.70047065322109e-15,-2.08594215969332e-15,-2.99782117124897e-15,-2.49263880252749e-15,-2.51667231582043e-15,-1.03834749267203e-15,3.2130333131791e-15,-3.51080065999081e-15,1.41374646885416e-15,2.80444328288367e-15,1.25709879773883e-14,-1.3628005713974e-14,1.97994268245555e-14,-1.12375410507301e-14,2.66077699029056e-15,-2.87400611123963e-14
"weekdayThursday",-2.96032387791615e-13,1.54596084381988e-15,1.75116455490071e-14,2.35285511404452e-14,3.50553452320827e-14,3.90665095767357e-14,3.13733995693317e-14,2.42429299531204e-14,1.65078138650966e-14,4.5909348757949e-14,7.20814062477393e-14,7.75483105343132e-14,1.31330417918461e-13,1.3575463815079e-13,1.72936641250871e-13,2.07385064343712e-13,2.49251895917622e-13,1.73540734454419e-13,2.64026368204163e-13,1.43738714561323e-14,2.45001954670447e-14,2.50700008110626e-14,1.68047341137136e-14,2.10402387690072e-14,1.25238057253235e-14,1.43619566718883e-14,3.20415328206405e-14,9.77495958523186e-15,1.32044157847983e-14,-5.19814569718114e-15,2.40338829925056e-13,2.40453721381354e-13,2.40562961087238e-13,7.59280108436545e-13,2.40509363234763e-13,2.40419118184277e-13,4.20636752565136e-15,-2.11991902536359e-15,-5.4927112164962e-15,-3.52838746743326e-15,-4.61604501033761e-15,-2.53623665991718e-15,-1.77003435172917e-15,3.6750719894696e-15,-8.52087253562099e-15,-4.17763961860707e-15,-4.87706521050198e-15,5.1121316503013e-15,-1.55654685799158e-14,-2.11651627966674e-14,-5.39482849070517e-14,-2.43297851068824e-14,-1.97473794025426e-14
"weekdayFriday",-2.93692625140108e-13,8.01886416667239e-16,1.92872146789279e-14,2.00175595616584e-14,2.57368248447157e-14,2.84566305756662e-14,2.25691114779888e-14,1.7132140552501e-14,1.02091968329574e-14,2.8804149014847e-14,4.78393866529413e-14,5.05943698352066e-14,9.11578553829843e-14,9.79858000800009e-14,1.01677320215978e-13,1.40589353605249e-13,1.60137101242014e-13,1.13194907500608e-13,1.59481258289664e-13,1.59494842148572e-14,2.93830427394582e-14,3.59237234121412e-14,2.5415962553558e-14,2.12022304199738e-14,2.47186618739534e-14,2.01359787604834e-14,3.14631645177562e-14,2.11059431985416e-14,3.27038951340731e-14,1.2664755048315e-14,2.40358271684664e-13,2.40490485238317e-13,2.40505086404611e-13,2.40509363234762e-13,6.83942521261516e-13,2.40576133601032e-13,2.14951465982415e-15,-5.0641624738346e-16,-8.11409172889144e-16,-2.28742406926026e-16,6.59493888324938e-16,-9.67941470256244e-16,5.16026134588319e-16,1.3937786177031e-14,1.06946567054876e-15,4.4457366889083e-15,3.80471062504886e-15,5.46463773750418e-15,1.05875425207335e-14,1.75165593663926e-14,-2.51664971045172e-14,1.86017365613302e-14,3.00142627588811e-14
"weekdaySaturday",-2.56682105480384e-13,4.62711189869738e-15,4.25455254751017e-15,4.72464010938602e-15,8.35311181102256e-15,8.02245261263614e-15,6.49261400537428e-15,4.57368719942658e-15,2.92252563961996e-15,-1.43168899647397e-15,5.72405221426546e-15,8.2562904671424e-15,1.10823644485686e-14,9.8086062977625e-15,1.31878984263306e-14,7.8064080758061e-15,4.31823367292262e-14,1.68088528499672e-16,1.58205144699381e-14,1.06175674278012e-14,9.14604228146987e-15,1.41861204098002e-14,5.510749039764e-15,9.20467180951383e-15,1.16686299498319e-14,9.18341683902286e-15,5.37601609037967e-15,4.71050926896961e-15,1.29652725334613e-14,7.80543510115752e-15,2.40435925518278e-13,2.40461029448569e-13,2.40472236261075e-13,2.40419118184276e-13,2.40576133601032e-13,5.15169365951181e-13,7.79621495711553e-16,-3.64786305053095e-15,-5.15556270532258e-15,-3.31552345635139e-15,-3.30085603435811e-15,-3.72632228642699e-15,-3.25194164976279e-15,9.97255910436034e-15,2.34725866521582e-15,-8.57971083776691e-16,1.49178556838394e-15,6.62599105544884e-15,2.85766797261315e-15,1.39400235114727e-14,-4.80592440646041e-14,4.09892835862053e-15,3.31821165463355e-14
"policyTRUE:age_grp16-19",2.14993688473327e-11,-4.0285773382065e-11,-2.92538910964956e-11,-2.1502857758272e-11,-2.15097561262741e-11,-2.15117903485177e-11,-2.15141369301913e-11,-2.15179511075446e-11,-2.15192507618597e-11,2.53411716124122e-13,2.81674603475112e-13,2.14717206354136e-13,4.39388183888189e-13,3.14353363085886e-13,2.59645697551128e-13,6.31273278408348e-13,2.63847721063825e-13,3.48932212711896e-13,7.58572767776824e-13,1.31725866272209e-14,2.20211070601222e-14,2.76874581507486e-14,2.53931534831949e-14,1.1293179331838e-14,7.24716226934708e-15,2.90425946859845e-14,8.72847849625031e-15,1.40839577299456e-14,4.76798768045763e-15,-2.1536097557905e-16,7.45954732102698e-15,4.40936082047098e-15,5.82936647811548e-15,4.20636752586832e-15,2.14951465993063e-15,7.79621495804456e-16,5.49784486928386e-11,4.02532815238274e-11,4.02682851548013e-11,4.02722214325265e-11,4.02791227795337e-11,4.02865111722401e-11,4.02905918574641e-11,-4.6948613671743e-13,-5.36494092595282e-13,-3.7654116594206e-13,-7.4776792595659e-13,-6.49437854513872e-13,-5.69125376444066e-13,-1.03851096047269e-12,-5.4852360790176e-13,-4.77366416705562e-13,-1.30374051702568e-12
"policyTRUE:age_grp20-24",2.15086283897383e-11,-4.03030983010752e-11,-2.15026719984941e-11,-2.41756251151368e-11,-2.14667263656215e-11,-2.14734352190748e-11,-2.14882334835789e-11,-2.1502058998651e-11,-2.15128571534312e-11,7.77261960747848e-14,9.8411171722593e-14,-6.40042938042841e-14,2.30852716088045e-14,1.53574406918149e-13,7.65954528767266e-14,2.49649253487574e-13,2.23196493643172e-13,-3.48635002762952e-13,-3.3275672087587e-14,1.17402003141628e-14,2.40521867863997e-14,3.44392186152937e-14,3.22837053116098e-14,6.51592824027786e-15,1.38594167481298e-14,3.21549380503181e-14,1.274339212474e-14,1.81325833768592e-14,5.77925915839465e-15,2.79001034529683e-15,5.39771492561178e-15,1.36685584996837e-15,-1.70047065275516e-15,-2.1199190250789e-15,-5.06416247210744e-16,-3.64786305033528e-15,4.02532815238272e-11,4.56052647963244e-11,4.01793975640138e-11,4.01923478987501e-11,4.02250209730205e-11,4.02537007932616e-11,4.02769829860948e-11,-1.24524420298656e-13,-1.71065502248477e-13,1.56413936889973e-13,-8.72236708515242e-14,-2.84638970816386e-13,-1.8562858065338e-13,-3.37398337286823e-13,-4.09290586279288e-13,7.67935756164659e-13,-2.69743684633166e-13
"policyTRUE:age_grp25-34",2.15097159783062e-11,-4.03026752315248e-11,-2.15095501059799e-11,-2.14666187753584e-11,-2.23618708819224e-11,-2.14855191133643e-11,-2.14964339767921e-11,-2.15070352017828e-11,-2.15152158658773e-11,1.09813294880999e-13,1.09109061201684e-13,-6.09745699307347e-14,7.68058639257726e-14,1.37024065649501e-13,8.66808323344891e-14,1.85586912802814e-13,1.3052715259768e-13,-3.29821981569691e-13,1.6034193123254e-13,1.40819716711172e-14,2.11487056977993e-14,3.00579961718108e-14,2.24787755861302e-14,7.56403331040301e-15,1.53418909051751e-14,3.38907356463465e-14,1.01485400764316e-14,2.34491900098552e-14,1.37119359645486e-14,7.31123990879816e-15,3.05565627798615e-15,-2.51554816816036e-15,-2.08594215950121e-15,-5.49271121638936e-15,-8.11409172941793e-16,-5.15556270530598e-15,4.02682851550707e-11,4.01793975642831e-11,4.19405273530097e-11,4.02186600784506e-11,4.02429290416953e-11,4.02647300019797e-11,4.02823708492287e-11,-1.90479908004181e-13,-2.02939594045435e-13,1.47093279834307e-13,-1.62875820544316e-13,-2.57221894297142e-13,-1.84857207135553e-13,-2.56799875715404e-13,-2.55115518133879e-13,7.37826939851541e-13,-2.76114500227121e-13
"policyTRUE:age_grp35-44",2.15115320133482e-11,-4.03026947801281e-11,-2.15115120377367e-11,-2.14732312833951e-11,-2.1485454338248e-11,-2.21750509467764e-11,-2.14992003595304e-11,-2.15087513838875e-11,-2.15160605621117e-11,1.02906906455372e-13,1.16800749569949e-13,-5.75133717534333e-14,1.46850502173589e-14,1.39759994484215e-13,1.04781229810834e-13,1.08125706576074e-13,1.70782827855842e-13,-3.24020213932283e-13,1.53179059620492e-13,1.16389086597036e-14,1.70093066079885e-14,2.57310714273036e-14,1.99656042989291e-14,2.25342357862019e-15,1.43672117003993e-14,2.91126471997636e-14,1.23100020945758e-14,2.3281251222884e-14,7.87589235925881e-15,3.85589199053722e-15,2.71785199007282e-15,-4.42448256682224e-17,-2.99782117092974e-15,-3.52838746715423e-15,-2.28742406780712e-16,-3.31552345615265e-15,4.02722214324618e-11,4.01923478986869e-11,4.02186600781176e-11,4.16324867594825e-11,4.02480495118922e-11,4.02678546492489e-11,4.02838977466026e-11,-1.90236132230443e-13,-2.09293437346213e-13,1.44817751499453e-13,-7.38724023947451e-14,-2.57056861744508e-13,-2.17609206769318e-13,-1.6187906244212e-13,-3.09281148255783e-13,7.20987179488863e-13,-2.72023157490873e-13
"policyTRUE:age_grp45-54",2.15132856751451e-11,-4.03039114447818e-11,-2.15139387885016e-11,-2.14880883527994e-11,-2.14963918332531e-11,-2.14992077766748e-11,-2.19994214590128e-11,-2.15129020260023e-11,-2.15182340883119e-11,7.99800318165977e-14,9.05698946242117e-14,-7.95910647973182e-14,2.97666500440793e-14,9.284671378276e-14,7.24265255045104e-14,6.93571799254238e-14,8.69734354516106e-14,-3.30780412620327e-13,1.20811387195695e-13,1.0618768814274e-14,1.51441564156021e-14,2.1428613084669e-14,1.82541479951122e-14,1.03341428338405e-15,1.18615274434847e-14,2.94239396480785e-14,9.85634809740428e-15,1.90976977763977e-14,1.10662952575114e-14,4.11556067605051e-15,4.37177547273217e-15,-9.76596396158625e-16,-2.49263880216277e-15,-4.61604501004942e-15,6.59493888456948e-16,-3.30085603424376e-15,4.02791227795799e-11,4.02250209730668e-11,4.02429290414721e-11,4.02480495120019e-11,4.12334301768677e-11,4.02774895565243e-11,4.02890034274082e-11,-1.56603232082112e-13,-1.74944822115578e-13,1.79905706046518e-13,-5.94372084027864e-14,-1.94885146301657e-13,-1.3554489564053e-13,-8.88904888850023e-14,-1.93081698195867e-13,7.57850134025524e-13,-1.95727378542116e-13
"policyTRUE:age_grp55-64",2.15150741473296e-11,-4.03040865955089e-11,-2.15177857732344e-11,-2.15019463189541e-11,-2.15070113467822e-11,-2.15087725082151e-11,-2.15129131532059e-11,-2.20228128506819e-11,-2.15204538078044e-11,6.98117686853622e-14,8.32726193495771e-14,-7.57137019367756e-14,6.97293838525544e-15,8.98068395051163e-14,4.23710372129711e-14,5.52525397228565e-14,6.95995781746947e-14,-2.75827698140819e-13,5.56514991632682e-14,8.84224694428572e-15,1.1956017831687e-14,1.89806909135885e-14,1.54019627076924e-14,-1.01161077163318e-15,9.68879791871604e-15,2.75930837660184e-14,8.56842330204116e-15,1.61721777348053e-14,1.11834964483832e-14,2.3376293621227e-15,4.05784130658842e-15,-5.08601161024652e-16,-2.51667231549537e-15,-2.53623665956521e-15,-9.67941470063987e-16,-3.72632228619661e-15,4.02865111722037e-11,4.02537007932262e-11,4.02647300016739e-11,4.02678546492762e-11,4.02774895564419e-11,4.12603541730182e-11,4.02936524376349e-11,-1.29991401036074e-13,-1.49501552455274e-13,1.78493024658791e-13,-1.03188467489151e-14,-1.65218443299117e-13,-1.01535085118856e-13,-4.3480970043277e-14,-1.14420314016587e-13,6.87038355627452e-13,-1.04312038557948e-13
"policyTRUE:age_grp65-199",2.15168998654425e-11,-4.03042690396604e-11,-2.15191259692726e-11,-2.15127672977154e-11,-2.15151980317624e-11,-2.15160771026675e-11,-2.15182442784838e-11,-2.15204566156899e-11,-2.19673313369175e-11,3.11548379553935e-14,4.85640534045596e-14,-8.56187274399112e-14,-3.46505888710373e-14,4.5727388496644e-14,2.95552299430679e-14,4.04597924141975e-14,3.44140609717936e-14,-9.75582574097481e-14,5.28991220888635e-14,6.60004311072289e-15,1.06151670111387e-14,1.36510952584275e-14,1.34362598535442e-14,-3.39848943052581e-15,6.21450269721403e-15,2.548902556787e-14,5.46982375249971e-15,1.38773141108601e-14,9.64534180005231e-15,3.87629427306004e-17,4.71590771789554e-15,-3.38821493150242e-16,-1.03834749241845e-15,-1.77003435147616e-15,5.16026134698896e-16,-3.25194164959192e-15,4.02905918575453e-11,4.02769829861766e-11,4.02823708490409e-11,4.02838977467476e-11,4.02890034274437e-11,4.02936524377525e-11,4.11657439640648e-11,-7.12593078928519e-14,-9.09412694865276e-14,1.89052579591176e-13,4.15709127318808e-14,-8.94852465571006e-14,-6.47887746378586e-14,4.36494429626399e-15,-7.32052101918457e-14,3.52963693376241e-13,-9.920824857731e-14
"policyTRUE:curr_pts_reg1",2.27343444502781e-15,-5.83326908497224e-14,2.53264812377948e-13,7.74357445166385e-14,1.09587946289036e-13,1.02653914339904e-13,7.97821357832399e-14,6.96324318287142e-14,3.10147194581368e-14,-3.18902998248542e-11,-1.09836225765806e-13,-1.07653541501034e-13,-1.12071690810429e-13,-1.10468343713186e-13,-1.06843025749578e-13,-1.19927572396583e-13,-1.11667601564181e-13,-8.66344761358843e-14,-1.07141947169854e-13,2.55383224713961e-14,3.16685645584904e-14,3.92332471988297e-14,1.77284886138817e-14,2.52670341069242e-14,1.33808384241856e-14,1.04941739955495e-14,1.2263276550371e-14,1.1141143397015e-14,1.36958909073659e-14,1.43214586745689e-14,1.13244471618005e-14,1.25127933562032e-14,3.21303331317998e-15,3.67507198946925e-15,1.39377861770307e-14,9.97255910435962e-15,-4.69486136716672e-13,-1.24524420298557e-13,-1.90479908004011e-13,-1.90236132230666e-13,-1.56603232081695e-13,-1.29991401035803e-13,-7.12593078922739e-14,5.71718665315343e-11,2.09078001645725e-13,2.04543989336737e-13,2.13881456510062e-13,2.09336349971264e-13,2.05021560341516e-13,2.22484640410884e-13,2.1035867550197e-13,1.70445114402908e-13,2.07127052324977e-13
"policyTRUE:curr_pts_reg2",3.38887109628792e-15,-3.56200567455185e-14,2.81272506034129e-13,9.81618180613837e-14,1.09056464767008e-13,1.16809112974043e-13,9.0599800810043e-14,8.33051799325824e-14,4.86183978981938e-14,-1.10050365746751e-13,-7.08533680408436e-12,-1.06309390931411e-13,-1.09692881300312e-13,-1.09346738625064e-13,-1.06292414191265e-13,-1.15559136102612e-13,-1.11221152875257e-13,-8.38643832100203e-14,-1.06058859232034e-13,1.58452809012052e-14,3.27861616910052e-14,2.41467875955006e-14,1.43412154782797e-14,1.17465266913192e-14,1.4134653886296e-14,3.21981409302646e-15,1.22459798719107e-14,1.40714268538036e-14,5.20233854843803e-15,1.06369990165345e-14,-6.87745198819384e-15,-4.8266362519986e-16,-3.51080065998945e-15,-8.52087253561917e-15,1.06946567055039e-15,2.34725866521636e-15,-5.36494092595893e-13,-1.71065502248397e-13,-2.02939594046022e-13,-2.09293437346295e-13,-1.74944822115574e-13,-1.49501552455603e-13,-9.09412694868924e-14,2.09078001645725e-13,1.24121680563864e-11,2.03187352278259e-13,2.11567528786009e-13,2.08329537204121e-13,2.04334195389766e-13,2.17718674078485e-13,2.10448747919687e-13,1.64767705933644e-13,2.05809464930684e-13
"policyTRUE:curr_pts_reg3",1.58584890843121e-13,-3.69160374709217e-13,2.14330662508762e-13,-6.42627625718201e-14,-6.10423305430919e-14,-5.75319846034017e-14,-7.9580018205852e-14,-7.56931781191209e-14,-8.5577583959285e-14,-1.07838597567377e-13,-1.06231347569666e-13,-7.26981697349241e-12,-1.07294103397117e-13,-1.05561261874179e-13,-1.02176635142869e-13,-1.13562441685726e-13,-1.06470324821899e-13,-8.6377214954479e-14,-1.01747732682477e-13,1.88723312843423e-14,3.45741505834858e-14,3.40743637540573e-14,1.87308691379276e-14,1.5851276540938e-14,1.2740467863154e-14,6.34163408539414e-15,1.9733527115339e-14,1.8163787363496e-14,7.54259153225265e-15,1.78229900561595e-14,-1.99957129755544e-16,2.6377534499476e-15,1.41374646885421e-15,-4.17763961860595e-15,4.44573668890832e-15,-8.57971083775442e-16,-3.76541165942508e-13,1.56413936889569e-13,1.47093279833743e-13,1.4481775149952e-13,1.79905706046342e-13,1.7849302465853e-13,1.8905257959094e-13,2.04543989336736e-13,2.03187352278258e-13,1.38621826763986e-11,2.06617930200973e-13,2.00863066323432e-13,1.9684188723694e-13,2.12406659146048e-13,2.00882660706972e-13,1.68213425404551e-13,1.99625118985923e-13
"policyTRUE:curr_pts_reg4",5.97953263302171e-14,-1.46963778055382e-13,4.38707182847827e-13,2.25872738508991e-14,7.66258049681461e-14,1.45790028899809e-14,2.97266099120235e-14,6.9491310385785e-15,-3.46232671093141e-14,-1.12368760435811e-13,-1.09549155127987e-13,-1.0728599673938e-13,-9.02064398445515e-11,-1.08724015290971e-13,-1.03044208232325e-13,-1.21031408880641e-13,-1.10046315619142e-13,-7.63111502187736e-14,-1.00059297018912e-13,3.31033652359605e-14,5.72245311290504e-14,5.41015135204314e-14,2.5335570582854e-14,3.18843708169409e-14,2.72643889145428e-14,9.96757860389888e-15,2.36179360245035e-14,2.74118961604578e-14,2.15764100318122e-14,2.02111312853994e-14,-1.58331267631566e-14,-6.68910951693353e-15,2.80444328288447e-15,-4.87706521050424e-15,3.80471062504842e-15,1.49178556838364e-15,-7.47767925956707e-13,-8.72236708515613e-14,-1.62875820545306e-13,-7.38724023950413e-14,-5.94372084034001e-14,-1.03188467494198e-14,4.15709127326833e-14,2.13881456510063e-13,2.1156752878601e-13,2.06617930200974e-13,1.49831137460874e-10,2.11607644966335e-13,2.04916343381605e-13,2.29831140408001e-13,2.14831527292519e-13,1.55849462905302e-13,2.08841137290756e-13
"policyTRUE:curr_pts_reg5",-2.72810962034094e-14,-7.12947295676196e-15,3.13611597522253e-13,1.53092758817559e-13,1.36901216179865e-13,1.39729975240829e-13,9.28747908378929e-14,8.98515908289428e-14,4.58158013261836e-14,-1.1082653036734e-13,-1.09237127262392e-13,-1.05621604331937e-13,-1.08804184984718e-13,-6.20351577397751e-11,-1.05679999246753e-13,-1.20352551331698e-13,-1.14792363088332e-13,-7.20364970530018e-14,-9.78154445592005e-14,1.72686601056401e-14,6.24978204895462e-14,6.13365844265256e-14,3.3547612059086e-14,1.86072304597234e-14,6.67671647985619e-15,4.1905402404778e-16,1.70999562729644e-14,1.18822629463965e-14,1.37616455236975e-14,2.50254486604274e-14,-1.97927986516936e-15,2.69484359954057e-14,1.25709879773874e-14,5.1121316503007e-15,5.46463773750359e-15,6.62599105544965e-15,-6.49437854512479e-13,-2.8463897081592e-13,-2.57221894296215e-13,-2.57056861743368e-13,-1.94885146301375e-13,-1.65218443299086e-13,-8.94852465568538e-14,2.09336349971265e-13,2.08329537204121e-13,2.00863066323432e-13,2.11607644966332e-13,1.10883209860353e-10,2.02131446211465e-13,2.21860035143683e-13,2.13247646040717e-13,1.41681101784206e-13,1.97358969159348e-13
"policyTRUE:curr_pts_reg6",1.38835911841902e-14,-6.35932305448066e-14,2.58788523709696e-13,7.58741694403916e-14,8.63189014971024e-14,1.04459230605769e-13,7.22222849227395e-14,4.21978329803943e-14,2.94467423330897e-14,-1.07092616789378e-13,-1.0584271801906e-13,-1.01840984941549e-13,-1.02582027251326e-13,-1.04971877748189e-13,-1.1002920588503e-10,-1.11125840868755e-13,-1.07698989725312e-13,-6.62409798551077e-14,-8.74432627528834e-14,3.39423017757778e-14,5.81962533832525e-14,6.73401507512134e-14,3.69413681829675e-14,4.04447979777573e-14,1.60687492250806e-14,4.24034357613289e-15,3.90717193408235e-14,4.22908095721442e-14,9.05853656267833e-15,3.04711831827116e-14,-1.42290602558789e-14,-8.08973792447209e-15,-1.36280057139728e-14,-1.55654685799131e-14,1.0587542520738e-14,2.85766797261647e-15,-5.69125376444955e-13,-1.85628580654109e-13,-1.84857207136313e-13,-2.1760920676999e-13,-1.35544895641297e-13,-1.01535085120054e-13,-6.47887746389381e-14,2.05021560341516e-13,2.04334195389765e-13,1.96841887236938e-13,2.04916343381602e-13,2.02131446211466e-13,1.94787031719816e-10,2.12450940633513e-13,2.06049454709635e-13,1.36862712737513e-13,1.87543038002921e-13
"policyTRUE:curr_pts_reg7",-6.42753405396054e-14,-7.80298830613849e-14,6.30146079428289e-13,2.48856040745002e-13,1.85324991516131e-13,1.07979821208698e-13,6.93164641821338e-14,5.52374398325086e-14,4.05139471221458e-14,-1.20407753294521e-13,-1.15257869003423e-13,-1.13472333058552e-13,-1.20923440717841e-13,-1.20051044849279e-13,-1.11803661417557e-13,-4.29561830343046e-10,-1.27036254907999e-13,-7.9659326109163e-14,-1.10608998003087e-13,7.32634222643612e-14,1.27799624798357e-13,1.44728980400562e-13,4.96979254748573e-14,5.77492065866525e-14,5.6859182042169e-14,1.45041990969103e-14,8.69946319191191e-14,5.5893388072808e-14,4.89596704823088e-14,6.9218741584251e-14,-2.73044506666229e-14,1.14811274402012e-14,1.97994268245555e-14,-2.11651627966658e-14,1.75165593663927e-14,1.39400235114746e-14,-1.03851096047283e-12,-3.37398337287414e-13,-2.5679987571838e-13,-1.61879062442629e-13,-8.88904888874135e-14,-4.34809700448847e-14,4.36494429541691e-15,2.22484640410883e-13,2.17718674078486e-13,2.12406659146047e-13,2.29831140407998e-13,2.21860035143684e-13,2.12450940633512e-13,7.11565116346558e-10,2.30501059683738e-13,1.5030228035028e-13,2.19184570566472e-13
"policyTRUE:curr_pts_reg8",5.2024086269599e-15,-7.25317253571432e-15,2.62703636951594e-13,2.22320336480444e-13,1.30160844496243e-13,1.70488764258043e-13,8.68424898237674e-14,6.95265080635331e-14,3.4437865543686e-14,-1.11960409323491e-13,-1.10671823547879e-13,-1.06182386940083e-13,-1.09515445039881e-13,-1.14081392789025e-13,-1.07943439984865e-13,-1.26424161381034e-13,-4.38111992457038e-10,-6.61943962426766e-14,-9.3703312027665e-14,-9.82698298359149e-16,5.77064158318566e-14,6.15162984087051e-14,4.09200165337636e-14,2.28088176369253e-14,1.85324549837832e-14,2.20083702143437e-16,5.5882588366889e-14,2.25604628378969e-14,3.16249978991626e-14,-6.40636967729258e-15,-3.00329527609386e-14,-2.55177586635878e-14,-1.12375410507322e-14,-5.39482849070552e-14,-2.51664971045143e-14,-4.80592440646065e-14,-5.48523607900725e-13,-4.0929058627825e-13,-2.5511551813205e-13,-3.09281148253701e-13,-1.930816981957e-13,-1.14420314015536e-13,-7.32052101896706e-14,2.10358675501971e-13,2.10448747919687e-13,2.00882660706973e-13,2.14831527292519e-13,2.1324764604072e-13,2.06049454709633e-13,2.30501059683737e-13,7.55691443065161e-10,1.31102378215435e-13,1.96981671372064e-13
"policyTRUE:curr_pts_reg9",3.26335877308995e-13,-8.76383666987359e-13,3.48299694734919e-13,-3.49463413396836e-13,-3.30329514403792e-13,-3.24620977293864e-13,-3.31113591968489e-13,-2.76025378882596e-13,-9.75908820199617e-14,-8.6304270295501e-14,-8.29809877117733e-14,-8.59122954692246e-14,-7.50705972789957e-14,-7.08849292250901e-14,-6.57290062977408e-14,-7.81393899893567e-14,-6.53118621995622e-14,-3.85673187545318e-10,-4.9091976275665e-14,5.02728319772334e-14,6.23392976584455e-14,1.2605789363832e-13,8.80206018812593e-14,9.35923010706467e-14,7.43093394974225e-14,1.77070720071814e-14,9.03866096264611e-14,5.927267675583e-14,5.60454201254563e-14,5.98323205425104e-14,-4.06005814953824e-15,1.00943397561831e-14,2.66077699028977e-15,-2.43297851068874e-14,1.86017365613277e-14,4.098928358621e-15,-4.77366416706261e-13,7.67935756164696e-13,7.378269398513e-13,7.20987179490185e-13,7.57850134024165e-13,6.87038355627974e-13,3.52963693376435e-13,1.70445114402908e-13,1.64767705933643e-13,1.68213425404552e-13,1.55849462905301e-13,1.41681101784207e-13,1.36862712737512e-13,1.50302280350283e-13,1.31102378215432e-13,6.94957619831973e-10,1.20197388300746e-13
"policyTRUE:curr_pts_reg10-150",-8.12443490566152e-14,-7.51362269686505e-15,7.57151099948722e-13,-3.46669488636709e-14,1.5959802091872e-13,1.52394862574068e-13,1.20405643527204e-13,5.54162426444538e-14,5.28954654356749e-14,-1.07108812868814e-13,-1.04846966584127e-13,-1.01077281853443e-13,-9.84877353866848e-14,-9.62223577043947e-14,-8.69342768885486e-14,-1.08640781705668e-13,-9.28128111948454e-14,-4.98232946492729e-14,-5.5976594208252e-10,4.82677379910494e-14,9.34014491562402e-14,1.42787791560146e-13,1.09031147527977e-13,1.35930569686638e-13,8.01944000172653e-14,3.81201991379648e-14,1.15699441944318e-13,6.17258710182867e-14,2.10146182315095e-14,1.19247968286898e-13,8.71942118221785e-16,1.12377093960787e-14,-2.87400611123968e-14,-1.97473794025397e-14,3.00142627588762e-14,3.31821165463345e-14,-1.30374051702781e-12,-2.69743684635073e-13,-2.76114500226302e-13,-2.72023157491632e-13,-1.95727378540434e-13,-1.04312038560674e-13,-9.92082485773908e-14,2.07127052324978e-13,2.05809464930689e-13,1.99625118985925e-13,2.08841137290756e-13,1.97358969159351e-13,1.87543038002922e-13,2.19184570566477e-13,1.96981671372071e-13,1.20197388300746e-13,8.44100159564534e-10
