"","(Intercept)","policyTRUE","age_grp20-24","age_grp25-34","age_grp35-44","age_grp45-54","age_grp55-64","age_grp65-199","curr_pts_reg1","curr_pts_reg2","curr_pts_reg3","curr_pts_reg4","curr_pts_reg5","curr_pts_reg6","curr_pts_reg7","curr_pts_reg8","curr_pts_reg9","curr_pts_reg10-150","month02","month03","month04","month05","month06","month07","month08","month09","month10","month11","month12","weekdayMonday","weekdayTuesday","weekdayWednesday","weekdayThursday","weekdayFriday","weekdaySaturday","policyTRUE:age_grp20-24","policyTRUE:age_grp25-34","policyTRUE:age_grp35-44","policyTRUE:age_grp45-54","policyTRUE:age_grp55-64","policyTRUE:age_grp65-199","policyTRUE:curr_pts_reg1","policyTRUE:curr_pts_reg2","policyTRUE:curr_pts_reg3","policyTRUE:curr_pts_reg4","policyTRUE:curr_pts_reg5","policyTRUE:curr_pts_reg6","policyTRUE:curr_pts_reg7","policyTRUE:curr_pts_reg8","policyTRUE:curr_pts_reg9","policyTRUE:curr_pts_reg10-150"
"(Intercept)",1.84708545454844e-12,-1.32030645696331e-12,-1.31808548233539e-12,-1.31860515604229e-12,-1.32004971718857e-12,-1.31580799628735e-12,-1.3113021730758e-12,-1.30708252840848e-12,-9.50425011341454e-15,-4.24278427873285e-14,-6.82744393107224e-14,-1.17497951286029e-13,-8.91877921184389e-14,-1.02618399983853e-13,-1.4597963845876e-13,-1.32654939039715e-13,-1.62308725912905e-13,-1.59090869167249e-13,-4.19720036233842e-13,-4.22918002543255e-13,-4.37551104303688e-13,-4.31477221454997e-13,-4.29923024904871e-13,-4.20110166662296e-13,-4.16320462514509e-13,-4.30462637532086e-13,-4.18944286344111e-13,-4.2571194476749e-13,-3.99060613671592e-13,-1.93057972503353e-13,-1.98870076522574e-13,-2.03046360581315e-13,-1.97818719472414e-13,-1.95742599279357e-13,-1.73618802877406e-13,1.31790027129017e-12,1.31959053630287e-12,1.32063950925115e-12,1.32202310150133e-12,1.32145490832567e-12,1.32178179343663e-12,-4.35988963007164e-14,-1.62773922989351e-14,-1.89934004967187e-15,6.0705284888476e-16,-3.12206726570517e-14,-3.86570217616323e-14,-3.104803369833e-14,-4.3812315322703e-14,6.64405519925883e-15,-7.05758118315717e-14
"policyTRUE",-1.32030645696321e-12,5.61097424941178e-12,1.30585809037512e-12,1.30420279759457e-12,1.30351796375071e-12,1.30176454274978e-12,1.29996521886236e-12,1.2983631435923e-12,-2.16397400703625e-14,-6.17229379951157e-15,1.39270969886059e-14,2.18468988784848e-14,-5.16762341568633e-15,-1.63681695977122e-14,2.56841591961646e-14,-4.54223129533087e-14,6.23282435000574e-14,-3.11014906275071e-17,1.59697602415228e-14,2.94840322405413e-14,8.70250524416344e-15,1.19602663100053e-14,1.47932400840391e-14,7.6359986573237e-15,9.44451043737703e-15,2.00696486451973e-14,1.74021218762403e-14,1.40912045520486e-14,-1.19585643959478e-14,1.44904080501811e-14,1.75261346036969e-14,2.03510041543716e-14,1.51005483582896e-14,1.38127894864098e-14,4.27208228963179e-15,-5.67273382861794e-12,-5.65723559933442e-12,-5.65359746104814e-12,-5.63972513922807e-12,-5.6292377654328e-12,-5.61978867353255e-12,4.09045351135241e-14,-6.85254109923982e-15,-5.49321275904723e-14,-5.48625866932691e-14,2.04013072677366e-14,4.49499765209992e-14,-1.39515705557019e-14,1.07899002823242e-13,-1.80248812082575e-13,-5.77837776680091e-14
"age_grp20-24",-1.31808548233542e-12,1.30585809037522e-12,3.06658947926686e-12,1.2682923085737e-12,1.27252820542174e-12,1.28173170898646e-12,1.29048256219721e-12,1.29776419375719e-12,-2.11147981007486e-16,-1.20595513537039e-14,9.35345610598702e-15,3.95721834046762e-15,5.06150093935514e-15,2.13707569900169e-14,-8.75206154518998e-14,-7.01538927496151e-14,2.76986382399826e-14,1.52530072748029e-13,9.36153005897539e-16,2.38744821627452e-15,5.81296665173202e-15,7.36137590249662e-15,8.45006276889327e-15,8.87270056427878e-15,6.34847526997457e-15,9.36703794281172e-15,8.64830007813043e-15,7.03347900049244e-15,-8.45100287389502e-15,1.17982102208333e-14,1.11343111929793e-14,1.27566867877656e-14,9.3306033429746e-15,7.34074756336832e-15,8.46973602599611e-16,-3.06678485769377e-12,-1.2684484222552e-12,-1.27269051328894e-12,-1.28189107195414e-12,-1.29062678452118e-12,-1.29788776501931e-12,2.68254088569284e-16,1.20053596463336e-14,-9.52491547975118e-15,-4.07107667057189e-15,-5.31192138229379e-15,-2.16657049985087e-14,8.72009598903427e-14,6.97171370131322e-14,-2.81277359859735e-14,-1.53105158774424e-13
"age_grp25-34",-1.31860515604226e-12,1.30420279759463e-12,1.26829230857365e-12,1.84625561237488e-12,1.27934216409288e-12,1.2867774556616e-12,1.29384344509023e-12,1.29940392330555e-12,-9.65796189823381e-14,-6.08264538741609e-14,-3.96681072243768e-14,-5.52070801396446e-14,-7.98288254812861e-14,-7.29886876509093e-14,-7.2076657359399e-14,-1.23018430778794e-13,6.95859050212708e-14,-9.20639898293853e-14,-9.83015078406573e-17,-4.91904008644186e-16,1.03197782015983e-14,9.08139553828308e-15,8.19792571780377e-15,4.21009105605088e-15,1.47895431993517e-15,6.53531223589735e-15,2.85766133062987e-15,4.01896002601738e-15,-5.12215055579829e-15,1.298343512142e-14,1.68085387956329e-14,1.83760988994269e-14,1.61642277152924e-14,1.03466453188758e-14,2.98287838295404e-15,-1.26847080306471e-12,-1.84640333858336e-12,-1.27950126263177e-12,-1.28692757725962e-12,-1.29397352608603e-12,-1.29950934296581e-12,9.6668352483833e-14,6.07997919835676e-14,3.95163238159132e-14,5.51459343757686e-14,7.9611378856399e-14,7.27515687824091e-14,7.18171917212094e-14,1.22652166736434e-13,-6.99377696177039e-14,9.16210125401848e-14
"age_grp35-44",-1.32004971718853e-12,1.30351796375079e-12,1.2725282054217e-12,1.27934216409288e-12,1.74291345243705e-12,1.28850662969555e-12,1.29473693899855e-12,1.29957654592108e-12,-8.50775393012911e-14,-7.43875418635125e-14,-4.30695611280803e-14,-2.7168872477797e-14,-8.8136996421338e-14,-9.42939283432812e-14,-4.25615996050934e-14,-1.40119324592813e-13,4.09226975407799e-14,-9.32833148608968e-14,2.45156975296955e-15,6.87312557008088e-16,8.54844476711396e-15,8.48296115452814e-15,7.02685160237016e-15,2.21002334553976e-16,-4.29966783113192e-16,3.36899765338490e-15,-5.15331720925224e-16,5.40509174837202e-15,-4.28259449950261e-15,1.55556948074231e-14,2.0839271139752e-14,2.39516795177893e-14,2.10423084835277e-14,1.37934943870759e-14,3.44220455330353e-15,-1.27275364038618e-12,-1.27951608150422e-12,-1.7430902958785e-12,-1.28868372157778e-12,-1.29490223964035e-12,-1.29972282793455e-12,8.50820165611795e-14,7.43181865390451e-14,4.28848192339035e-14,2.70268169627224e-14,8.78645964683165e-14,9.39518186115074e-14,4.22036333596679e-14,1.39640104112668e-13,-4.14279112531905e-14,9.26206180326984e-14
"age_grp45-54",-1.31580799628732e-12,1.30176454274985e-12,1.28173170898643e-12,1.2867774556616e-12,1.28850662969555e-12,1.63566134373429e-12,1.29712956759687e-12,1.30024881555165e-12,-1.08401251198391e-13,-8.83118052508331e-14,-6.29511695340112e-14,-7.06278684153055e-14,-8.43704691137985e-14,-1.18636115294803e-13,-3.76106075068735e-14,-1.27005523408424e-13,1.62904844440468e-14,-1.25544130760319e-13,6.46456964281806e-17,-7.63841247269117e-16,1.23148545381983e-14,1.11968609323572e-14,9.93241406803247e-15,2.12333516561974e-15,6.51889739735159e-16,3.54491226962338e-15,-3.01493756084125e-16,3.14007108501739e-15,-9.86548250387054e-16,1.12957756998073e-14,1.646166854513e-14,1.88880454856159e-14,1.62854269919705e-14,9.94940715606303e-15,2.27380954705268e-15,-1.28189454006064e-12,-1.28691569322329e-12,-1.28865867373602e-12,-1.63580149803631e-12,-1.29724762625194e-12,-1.30034086849202e-12,1.08502783600093e-13,8.82999161225299e-14,6.28150450670831e-14,7.05969113636439e-14,8.41770162887734e-14,1.18437669084902e-13,3.73903846557405e-14,1.26687919952655e-13,-1.65901164009057e-14,1.25189224515626e-13
"age_grp55-64",-1.31130217307576e-12,1.2999652188624e-12,1.29048256219715e-12,1.29384344509022e-12,1.29473693899853e-12,1.29712956759685e-12,1.67124482938872e-12,1.30083135494693e-12,-1.16490036114612e-13,-9.97525542635255e-14,-8.02180562274081e-14,-7.07598046941976e-14,-9.30111294151818e-14,-1.00455703177653e-13,-4.35678420455712e-14,-1.2578256253077e-13,-4.77141596092802e-14,-6.08880247223566e-14,-2.12325492399312e-15,-2.13421691202637e-15,1.20807769824275e-14,1.11024939250539e-14,1.02080308947184e-14,2.66907661477956e-15,1.45698408661078e-15,2.82676911662948e-15,-5.18440214370442e-16,6.61510838159503e-16,2.22860034744646e-15,9.08614584719138e-15,1.22513237694651e-14,1.56003448312728e-14,1.21233882441397e-14,6.98717262223305e-15,1.34396073291678e-15,-1.29060273236744e-12,-1.29395345424555e-12,-1.29486439780988e-12,-1.29724085276927e-12,-1.6713313617778e-12,-1.30089108558869e-12,1.16626599978111e-13,9.9766111597438e-14,8.01151961305371e-14,7.07803444546691e-14,9.2868836553657e-14,1.00337686916585e-13,4.34257227817636e-14,1.25561493965984e-13,4.75327591547021e-14,6.06986863061746e-14
"age_grp65-199",-1.30708252840843e-12,1.29836314359234e-12,1.29776419375713e-12,1.29940392330553e-12,1.29957654592107e-12,1.30024881555163e-12,1.30083135494693e-12,1.66248920785262e-12,-9.27593966950161e-14,-8.52744439027344e-14,-9.14255413199086e-14,-4.15118325559328e-14,-6.97800166553422e-14,-9.51568541871251e-14,-2.16739758267509e-14,-9.3862544312122e-14,-2.20251366488785e-13,-6.93114994146039e-14,-2.57507569298956e-15,-4.08133809309252e-15,1.40223226680731e-14,1.18270279074568e-14,1.03253637701083e-14,4.79347336492693e-15,3.39881542322159e-15,3.42769537273007e-15,-1.98603166647652e-16,2.66379613399134e-16,6.58795240957849e-15,5.12695107998944e-15,8.41425377494053e-15,9.95315927071318e-15,7.56855441180598e-15,2.49598111051634e-15,-1.1766609834491e-16,-1.29783468941511e-12,-1.29948251053049e-12,-1.29967804496607e-12,-1.30032781557875e-12,-1.30088111926618e-12,-1.66250997765782e-12,9.2946447955874e-14,8.53215721782989e-14,9.13613870872077e-14,4.15993260189411e-14,6.9697703672616e-14,9.51373260341264e-14,2.16261510147597e-14,9.37582012141135e-14,2.20215034563324e-13,6.9328523751401e-14
"curr_pts_reg1",-9.50425011341343e-15,-2.16397400703478e-14,-2.11147981001174e-16,-9.6579618982338e-14,-8.50775393012907e-14,-1.08401251198392e-13,-1.16490036114607e-13,-9.27593966950155e-14,3.21828335228006e-11,6.06536605335309e-14,5.72123544463865e-14,5.47307063917663e-14,5.63622194242437e-14,5.5257969575772e-14,5.39914711509466e-14,5.54440360687851e-14,3.53843482715742e-14,4.41453944268151e-14,-2.47765940414387e-15,5.48563944651228e-15,9.44317956660945e-17,1.13944914117986e-14,3.14240241185228e-15,6.3726188700186e-16,2.98714166969043e-15,2.38407253426914e-14,2.11338010683877e-14,1.36710537511593e-14,-3.99392948569299e-14,3.31938156795218e-14,4.37468689709925e-14,4.63065628560079e-14,4.33885294321988e-14,2.77900677191803e-14,-5.4275638756277e-16,4.59753123459747e-16,9.67375819572595e-14,8.5207249002369e-14,1.08565487976912e-13,1.1667878341804e-13,9.29617550911508e-14,-3.21825504249051e-11,-6.04858370389985e-14,-5.70491126986245e-14,-5.44368598638061e-14,-5.6102525418685e-14,-5.48016565088453e-14,-5.35330181087244e-14,-5.48983030170785e-14,-3.47102354711127e-14,-4.31843343207341e-14
"curr_pts_reg2",-4.24278427873249e-14,-6.17229379950999e-15,-1.20595513537015e-14,-6.08264538741616e-14,-7.43875418635132e-14,-8.8311805250834e-14,-9.97525542635231e-14,-8.52744439027334e-14,6.0653660533531e-14,7.11807248165223e-12,5.83066812016122e-14,5.58688692206008e-14,5.78775411947231e-14,5.75237404080199e-14,5.46432003662895e-14,5.7431551842898e-14,3.87629677908657e-14,5.04462718266365e-14,9.38405212958703e-15,6.24254760196727e-15,1.06974881059644e-14,1.46877531766646e-14,1.16421703418578e-14,6.66699947631783e-16,-1.20481773746501e-15,2.13010637174085e-14,2.01946269257753e-14,2.22649463919755e-14,-4.13715021377475e-14,5.08804685892893e-14,6.31103203641058e-14,6.79381286019066e-14,6.51805375754907e-14,4.3592486973578e-14,5.40523795319836e-15,1.2479176999006e-14,6.10961428288767e-14,7.46153366541309e-14,8.85911336476993e-14,1.00066129907147e-13,8.56039023741287e-14,-6.02764812704545e-14,-7.11780035216131e-12,-5.80107461393997e-14,-5.53713567640322e-14,-5.7416726420536e-14,-5.67605235060644e-14,-5.38752386225851e-14,-5.64467392859761e-14,-3.76520533641983e-14,-4.87759700568741e-14
"curr_pts_reg3",-6.82744393107317e-14,1.39270969886195e-14,9.35345610599154e-15,-3.96681072243671e-14,-4.30695611280821e-14,-6.29511695340044e-14,-8.02180562274003e-14,-9.14255413199015e-14,5.72123544463862e-14,5.83066812016128e-14,7.32800469260719e-12,5.17911005085697e-14,5.3426895517832e-14,5.28117074814072e-14,5.03766094845424e-14,5.21821594233721e-14,3.8326355588206e-14,4.35033831400148e-14,1.4854443754788e-14,1.27638500360963e-14,1.25392076073699e-14,2.24797828222351e-14,1.65208268086937e-14,6.93094703952592e-15,-7.55876717883583e-16,2.15872381475182e-14,2.02351002945835e-14,2.35707270556761e-14,-4.45757475912387e-14,5.16024635313064e-14,6.71054902919491e-14,7.65363202959661e-14,6.98596778925658e-14,4.59969591342006e-14,7.53954290674436e-15,-9.11035285266898e-15,3.98023609350639e-14,4.31652995865241e-14,6.3090198321566e-14,8.03916700072484e-14,9.16218055374593e-14,-5.68722038513864e-14,-5.80946593716455e-14,-7.32783189949087e-12,-5.14200861556519e-14,-5.31508261016977e-14,-5.23004827372255e-14,-4.98604837731477e-14,-5.15462336784612e-14,-3.75986115978619e-14,-4.23451339683563e-14
"curr_pts_reg4",-1.1749795128601e-13,2.18468988784724e-14,3.95721834045542e-15,-5.5207080139656e-14,-2.71688724778102e-14,-7.06278684153194e-14,-7.0759804694216e-14,-4.1511832555947e-14,5.47307063917661e-14,5.58688692206009e-14,5.17911005085688e-14,9.22325765492126e-11,5.16704735316457e-14,4.9316909617563e-14,5.23852406164838e-14,5.20430648240362e-14,2.30070304682745e-14,3.80820030968908e-14,2.49767511352421e-14,1.62010402037493e-14,2.22979593784395e-14,3.97119978068354e-14,2.2495732359447e-14,7.44466561373727e-15,4.89187891176106e-15,3.88621415763037e-14,5.7930873929173e-14,4.94719663536136e-14,-6.62768756362253e-14,9.61489848502702e-14,1.16875469478893e-13,1.23092036358113e-13,1.15215054806768e-13,8.01137091190865e-14,9.84751203014585e-15,-3.30746813969478e-15,5.56221081035063e-14,2.75141348814701e-14,7.10604172428267e-14,7.12546566603134e-14,4.20393041261555e-14,-5.41228617223359e-14,-5.54588064835105e-14,-5.13718037657604e-14,-9.22318211124052e-11,-5.10141474488872e-14,-4.81919401796496e-14,-5.1270152351187e-14,-5.05822916327311e-14,-2.13416641033056e-14,-3.55633988205392e-14
"curr_pts_reg5",-8.91877921184277e-14,-5.16762341569703e-15,5.06150093934969e-15,-7.98288254813011e-14,-8.81369964213467e-14,-8.43704691138043e-14,-9.30111294151885e-14,-6.97800166553494e-14,5.6362219424244e-14,5.78775411947232e-14,5.34268955178308e-14,5.16704735316462e-14,6.2803035583133e-11,5.20436947954625e-14,5.41656152476569e-14,5.45611317602818e-14,2.45888365077215e-14,4.02797338531213e-14,2.2629068533415e-14,1.50567158435026e-14,1.33286523759504e-14,3.58505739850854e-14,2.15733381326195e-14,1.25311913867528e-14,-9.36639877420307e-16,4.24207929290291e-14,4.32602959824242e-14,4.18545765723762e-14,-8.17829915148218e-14,1.01703225194507e-13,1.11976762419094e-13,1.37171244269872e-13,1.18231994994967e-13,8.53459913082541e-14,8.75060882032385e-15,-4.47811747990225e-15,8.01875222203208e-14,8.84267562634331e-14,8.47432728171816e-14,9.34459692385976e-14,7.02493819515928e-14,-5.57380500339562e-14,-5.74772509422453e-14,-5.30442232255363e-14,-5.09465303120508e-14,-6.28024347381601e-11,-5.09840057637574e-14,-5.31104865927913e-14,-5.32035137584714e-14,-2.30407548708423e-14,-3.78941594867505e-14
"curr_pts_reg6",-1.02618399983854e-13,-1.6368169597722e-14,2.13707569900095e-14,-7.29886876509164e-14,-9.42939283432895e-14,-1.18636115294808e-13,-1.00455703177656e-13,-9.5156854187121e-14,5.52579695757719e-14,5.75237404080186e-14,5.28117074814053e-14,4.93169096175633e-14,5.20436947954645e-14,1.12337088027005e-10,4.9522845005556e-14,5.0960281437415e-14,2.27106333716056e-14,3.57951383510028e-14,2.96706152728095e-14,2.83787345361272e-14,3.23996557169284e-14,5.06323650936488e-14,3.80877965138993e-14,1.5754105285688e-14,3.19790164360353e-15,4.29451177750117e-14,3.48956006466615e-14,5.25313209123729e-14,-9.34844266011327e-14,1.21633542606957e-13,1.53851380767729e-13,1.70287570475109e-13,1.49882219389219e-13,8.88866080263803e-14,1.16286269076322e-14,-2.09285427566229e-14,7.32176892466413e-14,9.44373942973851e-14,1.18875059198212e-13,1.00777779102837e-13,9.55378730986212e-14,-5.45148236678895e-14,-5.70928877941307e-14,-5.25196363971813e-14,-4.8560727034751e-14,-5.15619769607737e-14,-1.12336129568359e-10,-4.85629938292104e-14,-4.97723050157131e-14,-2.13494862559831e-14,-3.35489920931795e-14
"curr_pts_reg7",-1.45979638458779e-13,2.56841591962153e-14,-8.7520615451879e-14,-7.20766573593701e-14,-4.25615996050711e-14,-3.76106075068432e-14,-4.35678420455357e-14,-2.16739758267417e-14,5.39914711509458e-14,5.46432003662897e-14,5.03766094845401e-14,5.23852406164827e-14,5.41656152476556e-14,4.95228450055534e-14,4.38939886683358e-10,5.81753110426378e-14,2.11545187845034e-14,4.12203453334604e-14,1.23336958121786e-14,6.12985299439523e-15,-2.62786113975111e-15,4.97624632531398e-14,2.89808709549925e-14,-7.9369565368299e-15,3.75311905098741e-16,4.16301073602191e-14,3.03235560667288e-14,3.16493035532253e-14,-1.28743764894749e-13,1.41952633529916e-13,1.78428843251557e-13,1.77480297983356e-13,1.78557592806335e-13,1.21326899251482e-13,6.99645870594551e-15,8.83552989818528e-14,7.25710028880448e-14,4.29487226095408e-14,3.81242263647844e-14,4.4178718023075e-14,2.23420397257796e-14,-5.30132622236069e-14,-5.40393066424469e-14,-4.98214861352325e-14,-5.12912350133837e-14,-5.32971230754142e-14,-4.79520884428913e-14,-4.38938339686961e-10,-5.6216205187308e-14,-1.8874314132627e-14,-3.76547570377946e-14
"curr_pts_reg8",-1.32654939039708e-13,-4.54223129533115e-14,-7.01538927496308e-14,-1.230184307788e-13,-1.4011932459282e-13,-1.27005523408432e-13,-1.25782562530778e-13,-9.38625443121184e-14,5.54440360687844e-14,5.74315518428982e-14,5.21821594233696e-14,5.20430648240362e-14,5.45611317602796e-14,5.09602814374154e-14,5.81753110426357e-14,4.48512318871343e-10,1.95039467110583e-14,3.69227880414522e-14,7.0911776295566e-14,4.51058273883041e-14,6.00502971328228e-14,6.66945958840377e-14,4.69012018689535e-14,3.51304441055706e-14,1.14377223510542e-14,6.15337713009945e-14,9.63167450680965e-14,6.08636852672875e-14,-9.22294587642393e-14,1.69675121104769e-13,2.12303894253524e-13,2.06596881917142e-13,2.13933075687869e-13,1.3794932444313e-13,3.67628572531491e-14,7.0819510799152e-14,1.23401214521527e-13,1.40402556232737e-13,1.27401338534587e-13,1.26268882699275e-13,9.44059853485892e-14,-5.45768577035125e-14,-5.68580880823885e-14,-5.17072493768035e-14,-5.10122817975509e-14,-5.37832641498532e-14,-4.95808660095277e-14,-5.67918287809391e-14,-4.48510517827045e-10,-1.7546881208506e-14,-3.37901884889207e-14
"curr_pts_reg9",-1.62308725912902e-13,6.23282435000847e-14,2.76986382399897e-14,6.95859050212843e-14,4.09226975407892e-14,1.62904844440571e-14,-4.77141596092761e-14,-2.20251366488786e-13,3.53843482715736e-14,3.87629677908659e-14,3.8326355588205e-14,2.30070304682742e-14,2.45888365077208e-14,2.27106333716075e-14,2.11545187845033e-14,1.95039467110575e-14,3.9675617311005e-10,-2.5424727954155e-16,1.8161532729229e-14,4.83102292191634e-14,1.85825608194288e-14,3.14960340000343e-14,2.17684409323475e-14,-1.45144446210454e-14,-1.35110267801597e-15,2.39546718514344e-14,3.31364316694576e-14,3.361385384585e-14,-1.14416548699306e-13,1.01800672204045e-13,1.39033584709376e-13,1.50527528514077e-13,1.50704637702997e-13,9.86797219585843e-14,7.0437469526541e-16,-2.72144566603258e-14,-6.92602244876387e-14,-4.06442857135001e-14,-1.59466234718513e-14,4.8101523423744e-14,2.20660816937857e-13,-3.50046687018174e-14,-3.84537613712401e-14,-3.80292656044472e-14,-2.24817728427827e-14,-2.41102980892615e-14,-2.18953192729413e-14,-2.03232652315618e-14,-1.83977008835735e-14,-3.96755018618944e-10,2.11676740724376e-15
"curr_pts_reg10-150",-1.59090869167288e-13,-3.11014906019401e-17,1.5253007274805e-13,-9.20639898293895e-14,-9.32833148608661e-14,-1.25544130760291e-13,-6.088802472234e-14,-6.93114994145939e-14,4.41453944268163e-14,5.04462718266379e-14,4.35033831400131e-14,3.80820030968886e-14,4.02797338531218e-14,3.57951383510044e-14,4.1220345333462e-14,3.69227880414536e-14,-2.54247279542916e-16,5.79401157389724e-10,4.79001964382769e-14,2.71177938830029e-14,2.54607047144438e-14,4.16757852710315e-14,6.49800089323268e-15,1.48713033055456e-14,2.29709227615413e-15,5.89084938806257e-14,6.39023245439063e-14,8.78523799394863e-14,-2.09539110926648e-13,1.64661440786524e-13,2.14046282971302e-13,2.58935206606115e-13,2.27264436650273e-13,1.37871591901871e-13,1.37192425485117e-14,-1.51554896099534e-13,9.26687735015787e-14,9.37792378980553e-14,1.2617107796789e-13,6.16091638611302e-14,7.00818854099893e-14,-4.31387572063786e-14,-4.97571021821799e-14,-4.28404223486621e-14,-3.68811494624106e-14,-3.92298161561192e-14,-3.40076489184934e-14,-3.93831066925642e-14,-3.45391821949876e-14,2.83564614871678e-15,-5.79397108308564e-10
"month02",-4.19720036233844e-13,1.59697602415269e-14,9.36153005898656e-16,-9.83015078361461e-17,2.45156975298218e-15,6.46456964371991e-17,-2.12325492398597e-15,-2.57507569298511e-15,-2.47765940414405e-15,9.38405212958769e-15,1.48544437547881e-14,2.49767511352435e-14,2.26290685334162e-14,2.9670615272811e-14,1.23336958121812e-14,7.09117762955648e-14,1.81615327292313e-14,4.79001964382729e-14,9.66681282025623e-13,4.04507127573203e-13,4.04753920395111e-13,4.04563655775057e-13,4.04567221029466e-13,4.0457705614796e-13,4.04632731465416e-13,4.0456835953408e-13,4.04370105330013e-13,4.04571019206447e-13,4.04482099726776e-13,1.36625644691097e-14,1.37677753339839e-14,1.0686180987002e-14,1.00680998974677e-14,1.08523066499012e-14,7.28569975972105e-15,-9.09293455759544e-15,-6.69201050885754e-15,-9.64065111631336e-15,-1.05582697878539e-14,-1.20713500451279e-14,-1.39915426836206e-14,2.20461668131e-14,1.37088491701816e-14,1.63017277584499e-14,2.802610539896e-14,1.46258035258326e-14,2.88315866993466e-14,6.16671501306993e-14,-1.13948343251073e-15,4.26731327985706e-14,4.02723704976642e-14
"month03",-4.22918002543247e-13,2.94840322405434e-14,2.38744821626775e-15,-4.91904008646825e-16,6.87312557013587e-16,-7.63841247268015e-16,-2.13421691202622e-15,-4.08133809309494e-15,5.48563944651305e-15,6.24254760196915e-15,1.27638500360956e-14,1.62010402037515e-14,1.50567158435046e-14,2.8378734536132e-14,6.129852994397e-15,4.51058273883051e-14,4.83102292191667e-14,2.71177938830105e-14,4.04507127573201e-13,9.5240558565379e-13,4.04972643541177e-13,4.04604489352113e-13,4.04708652083603e-13,4.04744195216467e-13,4.04691366105938e-13,4.04800282958678e-13,4.04423037081919e-13,4.04680788962891e-13,4.04674865101971e-13,7.28124016481647e-15,1.45692125527582e-14,1.48271643764609e-14,1.69437967999741e-14,2.00888721463118e-14,6.12665328355022e-15,-1.66135500878141e-14,-1.746384307671e-14,-2.01385400576362e-14,-2.32842157183207e-14,-2.5551161150439e-14,-2.6453568787198e-14,2.77318923174308e-14,2.82974501732436e-14,2.99302987742124e-14,4.8561980545336e-14,5.28067482182909e-14,4.96821159833405e-14,1.07613362410127e-13,4.87388415369502e-14,5.33692069311473e-14,7.82470340210295e-14
"month04",-4.37551104303664e-13,8.70250524414573e-15,5.81296665171104e-15,1.03197782015824e-14,8.54844476710528e-15,1.2314854538186e-14,1.20807769824142e-14,1.40223226680567e-14,9.44317956667803e-17,1.06974881059658e-14,1.25392076073678e-14,2.22979593784398e-14,1.33286523759518e-14,3.23996557169309e-14,-2.62786113974922e-15,6.00502971328211e-14,1.85825608194282e-14,2.5460704714437e-14,4.04753920395107e-13,4.04972643541175e-13,9.59970988495782e-13,4.04730605502033e-13,4.04663762280177e-13,4.04718877569152e-13,4.0463858683715e-13,4.04911048287046e-13,4.04659934170401e-13,4.04926466924499e-13,4.04382055353538e-13,1.50082580644218e-14,1.35188630513458e-14,1.75918448512955e-14,1.73697804647102e-14,2.45078201160213e-14,9.66463267764244e-15,1.47516333389342e-14,5.60160145706308e-15,4.60896012985329e-15,1.03359652846967e-17,-8.51404267080111e-16,-4.75090802086536e-15,3.62801194303333e-14,2.45666911247656e-14,3.31719304738826e-14,4.97871286386306e-14,5.61870914341207e-14,6.02829093788653e-14,1.25305836328439e-13,5.6485363327174e-14,1.1040971214196e-13,1.24480952991236e-13
"month05",-4.31477221454976e-13,1.19602663099928e-14,7.3613759024799e-15,9.08139553827019e-15,8.48296115452246e-15,1.11968609323482e-14,1.11024939250439e-14,1.18270279074426e-14,1.13944914117995e-14,1.46877531766635e-14,2.24797828222339e-14,3.97119978068378e-14,3.58505739850857e-14,5.06323650936523e-14,4.97624632531409e-14,6.66945958840351e-14,3.14960340000348e-14,4.167578527103e-14,4.04563655775054e-13,4.04604489352111e-13,4.04730605502033e-13,9.57704495296788e-13,4.04508557938806e-13,4.04526647080491e-13,4.04549350417288e-13,4.0467241873751e-13,4.04508514028865e-13,4.04724587757346e-13,4.04252931607613e-13,1.33388536288991e-14,1.27544981769095e-14,1.150801516586e-14,1.13135072663562e-14,1.72608406156132e-14,3.75169290812687e-15,7.26521041793223e-15,-2.69211448850795e-15,-2.98693082080699e-15,-5.70997391791341e-15,-7.08988135279275e-15,-8.68247181291586e-15,1.76132485701809e-14,1.55856160434296e-14,1.95608627989058e-14,2.50429407060036e-14,3.2267592951166e-14,3.42354687570771e-14,4.56621313903267e-14,3.87380299051541e-14,7.76652742377306e-14,9.5353931489043e-14
"month06",-4.29923024904866e-13,1.47932400840371e-14,8.45006276888794e-15,8.19792571780274e-15,7.0268516023764e-15,9.93241406803491e-15,1.02080308947203e-14,1.03253637701067e-14,3.14240241185275e-15,1.1642170341858e-14,1.65208268086938e-14,2.2495732359449e-14,2.15733381326199e-14,3.80877965139014e-14,2.89808709549929e-14,4.69012018689537e-14,2.17684409323512e-14,6.49800089324089e-15,4.04567221029465e-13,4.04708652083603e-13,4.04663762280179e-13,4.04508557938808e-13,9.40856165478427e-13,4.04517816211962e-13,4.04527134320436e-13,4.04751559066323e-13,4.04400037944343e-13,4.04676365608261e-13,4.04150683754522e-13,1.07638374268069e-14,1.25804617729699e-14,1.92764388045249e-14,1.42603123390954e-14,1.42161008939086e-14,6.23365842894182e-15,-1.82439385091237e-15,-5.88859673308454e-15,-7.23234892196029e-15,-9.93512758172606e-15,-1.044935310738e-14,-1.22267597925097e-14,2.35911205928664e-14,1.3118175681088e-14,1.68266492467489e-14,2.99552487769236e-14,1.94265714314549e-14,3.69829816776217e-14,5.21267928926805e-14,2.31311613437207e-14,8.1631447424724e-14,1.17248273207043e-13
"month07",-4.20110166662292e-13,7.63599865732536e-15,8.87270056427515e-15,4.2100910560507e-15,2.21002334561608e-16,2.12333516562439e-15,2.66907661478288e-15,4.7934733649273e-15,6.37261887001738e-16,6.66699947631767e-16,6.93094703952524e-15,7.44466561373836e-15,1.25311913867534e-14,1.57541052856894e-14,-7.93695653683189e-15,3.51304441055697e-14,-1.45144446210448e-14,1.48713033055438e-14,4.04577056147959e-13,4.04744195216467e-13,4.04718877569154e-13,4.04526647080493e-13,4.04517816211962e-13,8.79969981014147e-13,4.04531718878768e-13,4.04610022350851e-13,4.04543111206266e-13,4.04754969529766e-13,4.04424052515314e-13,7.51874060444694e-15,1.00593139545978e-14,1.06085166028547e-14,8.92710091483858e-15,1.71034733456475e-14,7.98325828530615e-15,1.80892484733888e-15,-1.67882004594154e-15,-4.32718153181642e-16,-2.82597696451205e-15,-4.17348484084889e-15,-6.34822615518198e-15,1.2884643073641e-14,1.43058166978353e-14,1.33886191030283e-14,2.52931062547566e-14,8.54475654051785e-15,1.58734369378935e-14,5.05211421303382e-14,1.87996834278563e-14,6.46876974515714e-14,6.98330112177213e-14
"month08",-4.16320462514497e-13,9.44451043737038e-15,6.34847526996185e-15,1.47895431992645e-15,-4.29966783114043e-16,6.51889739730354e-16,1.45698408660593e-15,3.39881542321301e-15,2.98714166969092e-15,-1.20481773746494e-15,-7.5587671788426e-16,4.89187891176079e-15,-9.36639877419455e-16,3.1979016436079e-15,3.75311905096182e-16,1.14377223510531e-14,-1.35110267801546e-15,2.29709227615513e-15,4.04632731465415e-13,4.04691366105939e-13,4.04638586837152e-13,4.0454935041729e-13,4.04527134320436e-13,4.04531718878768e-13,8.38059021270172e-13,4.04690174460095e-13,4.04490021288874e-13,4.04756681598087e-13,4.04294516836072e-13,1.12763587473602e-14,1.32687938952771e-14,1.08606752931497e-14,9.63331984726495e-15,1.35589332365402e-14,6.26655997943636e-15,-2.62100882879344e-15,-6.02688218366655e-15,-6.89132165839956e-15,-7.42535799487285e-15,-8.15542482842119e-15,-9.52693850043632e-15,9.90106880866832e-15,4.55113815304193e-15,7.28734691146733e-15,1.01182730599329e-14,2.51670320376881e-15,5.36564998942228e-15,1.48132477142572e-14,2.72781112662225e-15,1.65693255711582e-14,3.42490428716926e-14
"month09",-4.30462637532086e-13,2.00696486451989e-14,9.36703794280954e-15,6.53531223590099e-15,3.36899765339522e-15,3.54491226963016e-15,2.82676911663583e-15,3.42769537273276e-15,2.38407253426915e-14,2.13010637174082e-14,2.15872381475151e-14,3.8862141576304e-14,4.24207929290311e-14,4.29451177750102e-14,4.16301073602179e-14,6.15337713009931e-14,2.39546718514358e-14,5.8908493880628e-14,4.04568359534079e-13,4.04800282958679e-13,4.04911048287049e-13,4.04672418737513e-13,4.04751559066324e-13,4.04610022350852e-13,4.04690174460095e-13,1.01370843428048e-12,4.0448431180607e-13,4.04779298131303e-13,4.04384861000685e-13,1.76141187428575e-14,1.80869532036145e-14,2.45931849034808e-14,2.20865226649638e-14,2.13916875372724e-14,3.5516127122e-15,-1.00595000708765e-14,-1.52956778505529e-14,-1.3093270279082e-14,-1.56326203449887e-14,-1.64204731491503e-14,-1.91623258827901e-14,1.10935766572849e-14,1.18712040135651e-14,1.8337899068237e-14,2.1132705403788e-14,1.6247515384244e-14,3.4394132723405e-14,7.5085691668834e-14,4.89602296346793e-14,7.73684979339689e-14,9.9184359535607e-14
"month10",-4.18944286344119e-13,1.74021218762592e-14,8.64830007813832e-15,2.85766133064185e-15,-5.15331720906137e-16,-3.01493756067898e-16,-5.18440214355116e-16,-1.98603166635416e-16,2.11338010683882e-14,2.01946269257751e-14,2.02351002945813e-14,5.79308739291747e-14,4.32602959824264e-14,3.48956006466622e-14,3.03235560667306e-14,9.63167450680973e-14,3.31364316694595e-14,6.39023245439094e-14,4.04370105330013e-13,4.04423037081921e-13,4.04659934170405e-13,4.04508514028868e-13,4.04400037944344e-13,4.04543111206268e-13,4.04490021288875e-13,4.0448431180607e-13,9.79975937720137e-13,4.04457951917953e-13,4.04450615800568e-13,1.10414043649298e-14,3.55071944533432e-15,7.65427391016469e-15,7.13210335041158e-15,1.4710996347885e-14,3.45243868231072e-15,-1.13529131053126e-14,-9.78337696931463e-15,-8.66202363649819e-15,-1.28164870561702e-14,-1.42991168584811e-14,-1.65311146065079e-14,1.01934193199149e-14,1.32583276429385e-14,1.68812643059916e-14,2.41918815799696e-14,1.16573676080182e-14,3.70306868699466e-14,4.82940009843481e-14,2.03963241106733e-14,5.14896533058596e-14,5.37775878113079e-14
"month11",-4.25711944767479e-13,1.40912045520386e-14,7.03347900048071e-15,4.01896002601013e-15,5.40509174837226e-15,3.14007108501488e-15,6.61510838155682e-16,2.66379613392068e-16,1.36710537511611e-14,2.22649463919771e-14,2.3570727055676e-14,4.94719663536169e-14,4.18545765723792e-14,5.25313209123765e-14,3.16493035532285e-14,6.08636852672873e-14,3.3613853845853e-14,8.78523799394865e-14,4.04571019206446e-13,4.04680788962891e-13,4.04926466924501e-13,4.04724587757349e-13,4.04676365608261e-13,4.04754969529767e-13,4.04756681598087e-13,4.04779298131302e-13,4.04457951917952e-13,9.85347972520734e-13,4.04476602927282e-13,1.72220697789623e-14,1.59564915442938e-14,1.88068619364406e-14,8.84353288786722e-15,2.21724978877804e-14,8.73408475746881e-15,-1.09779930691315e-14,-8.95769699438846e-15,-1.19218061427196e-14,-1.24432473911171e-14,-1.16502608885136e-14,-1.28506733359078e-14,1.12979209579414e-14,4.64583424162609e-15,6.72122367336141e-15,1.79527353155353e-14,1.17435639889671e-14,7.92976544800663e-15,4.08434777746321e-14,2.64916292224055e-14,4.72985247025465e-14,1.73889237152842e-14
"month12",-3.99060613671598e-13,-1.19585643959412e-14,-8.45100287389232e-15,-5.12215055579074e-15,-4.28259449948797e-15,-9.86548250375819e-16,2.22860034745712e-15,6.58795240958573e-15,-3.99392948569307e-14,-4.13715021377488e-14,-4.45757475912395e-14,-6.62768756362256e-14,-8.178299151482e-14,-9.34844266011306e-14,-1.28743764894748e-13,-9.22294587642352e-14,-1.14416548699304e-13,-2.09539110926649e-13,4.04482099726777e-13,4.04674865101973e-13,4.04382055353541e-13,4.04252931607617e-13,4.04150683754523e-13,4.04424052515316e-13,4.04294516836074e-13,4.04384861000686e-13,4.04450615800569e-13,4.04476602927283e-13,6.35162410060577e-13,-8.51513798306214e-16,-3.03360111995122e-15,-7.48659136350085e-15,-3.21395507551045e-15,8.64687320370459e-15,5.32815704888096e-15,1.54826480030065e-14,1.62389609852363e-14,1.50325443713881e-14,1.54748499579336e-14,1.50940319767207e-14,1.32847241876073e-14,1.37839862697321e-14,1.0849339093224e-14,1.69243601430135e-14,1.90096267616958e-14,2.29867304543095e-14,2.76743167461011e-14,6.02038504732907e-14,-3.51630952677113e-15,5.20565772109548e-14,1.02975133065395e-13
"weekdayMonday",-1.93057972503353e-13,1.4490408050191e-14,1.17982102208314e-14,1.29834351214262e-14,1.55556948074295e-14,1.12957756998123e-14,9.08614584719602e-15,5.12695107999363e-15,3.3193815679522e-14,5.08804685892899e-14,5.16024635313053e-14,9.61489848502731e-14,1.01703225194507e-13,1.21633542606958e-13,1.41952633529912e-13,1.69675121104771e-13,1.01800672204044e-13,1.64661440786523e-13,1.36625644691081e-14,7.28124016481644e-15,1.50082580644226e-14,1.33388536288999e-14,1.0763837426806e-14,7.5187406044471e-15,1.12763587473599e-14,1.76141187428562e-14,1.10414043649289e-14,1.72220697789624e-14,-8.51513798307666e-16,4.75405273324573e-13,1.6465241678502e-13,1.64640635637084e-13,1.64562649283235e-13,1.64578626258822e-13,1.64636577012309e-13,-1.10124573933375e-14,-1.31083371200172e-14,-1.45278336923329e-14,-1.50551076020142e-14,-1.538111344132e-14,-1.57273632019376e-14,8.58034825968225e-15,-6.49928440407098e-15,-8.34157346051578e-16,-1.42726129548791e-14,-2.44884592152073e-15,-1.27761480143386e-14,-2.38472290293404e-14,-2.61417196170769e-14,-4.02284407167423e-15,-5.72222296915464e-16
"weekdayTuesday",-1.98870076522558e-13,1.75261346036878e-14,1.11343111929628e-14,1.68085387956238e-14,2.08392711397434e-14,1.64616685451204e-14,1.22513237694556e-14,8.41425377493037e-15,4.37468689709924e-14,6.31103203641068e-14,6.71054902919489e-14,1.16875469478894e-13,1.11976762419094e-13,1.5385138076773e-13,1.78428843251556e-13,2.12303894253524e-13,1.39033584709379e-13,2.140462829713e-13,1.37677753339811e-14,1.45692125527572e-14,1.3518863051345e-14,1.27544981769092e-14,1.25804617729677e-14,1.00593139545964e-14,1.32687938952755e-14,1.80869532036122e-14,3.55071944533207e-15,1.59564915442923e-14,-3.03360111995423e-15,1.64652416785019e-13,5.22641347720772e-13,1.64722838674417e-13,1.646278452998e-13,1.64658484410163e-13,1.64648302706604e-13,-1.40356537626821e-14,-1.60998395589469e-14,-1.73773966661677e-14,-1.93525939893084e-14,-1.94323246890125e-14,-2.07436630026778e-14,9.5116460802611e-15,-1.16620608493172e-15,1.55374160897508e-15,-6.61546052015676e-15,2.17243312340496e-14,-7.61154185459025e-15,8.75842550358895e-15,-2.24275587539956e-14,7.91287166473286e-15,8.23428818281973e-15
"weekdayWednesday",-2.03046360581308e-13,2.03510041543721e-14,1.27566867877582e-14,1.83760988994268e-14,2.39516795177893e-14,1.88880454856155e-14,1.56003448312705e-14,9.95315927071052e-15,4.63065628560092e-14,6.79381286019064e-14,7.65363202959652e-14,1.23092036358115e-13,1.37171244269875e-13,1.70287570475111e-13,1.77480297983352e-13,2.06596881917145e-13,1.50527528514078e-13,2.58935206606113e-13,1.06861809870001e-14,1.48271643764608e-14,1.7591844851296e-14,1.15080151658604e-14,1.92764388045239e-14,1.06085166028546e-14,1.08606752931492e-14,2.45931849034794e-14,7.65427391016377e-15,1.88068619364407e-14,-7.48659136350255e-15,1.64640635637084e-13,1.64722838674417e-13,5.40098908045877e-13,1.64704655185573e-13,1.6467074769897e-13,1.6465630003902e-13,-1.81472538079269e-14,-1.78728336356114e-14,-2.03610916171449e-14,-2.26605859674541e-14,-2.33495623306527e-14,-2.35207602161577e-14,1.67286024787527e-15,-3.74934302986311e-15,4.63123795045781e-16,1.22438149714791e-15,9.67929732283918e-15,-1.23832829707921e-14,1.5545889663025e-14,-1.09198539708918e-14,1.61690738669582e-15,-2.5502926917179e-14
"weekdayThursday",-1.9781871947242e-13,1.51005483582972e-14,9.33060334297634e-15,1.61642277153005e-14,2.10423084835377e-14,1.62854269919792e-14,1.21233882441471e-14,7.56855441181266e-15,4.33885294322001e-14,6.51805375754917e-14,6.98596778925656e-14,1.15215054806769e-13,1.18231994994968e-13,1.49882219389219e-13,1.78557592806334e-13,2.1393307568787e-13,1.50704637702999e-13,2.27264436650276e-13,1.00680998974684e-14,1.69437967999767e-14,1.73697804647132e-14,1.13135072663597e-14,1.42603123390967e-14,8.92710091484097e-15,9.63331984726711e-15,2.20865226649652e-14,7.13210335041308e-15,8.84353288786928e-15,-3.21395507550991e-15,1.64562649283235e-13,1.64627845299802e-13,1.64704655185574e-13,5.19893543279213e-13,1.64674373759823e-13,1.646199197443e-13,-1.24696156759738e-14,-1.45422538485157e-14,-1.57381412425289e-14,-1.81007363839884e-14,-1.71220925537587e-14,-1.7777251231602e-14,1.87700222611149e-15,-8.11227661529997e-15,-4.39153919908721e-15,-5.38128668195042e-15,3.25952105936907e-15,-1.41791506824833e-14,-1.89551854475859e-14,-4.66415549422968e-14,-2.12926766715227e-14,-1.81766742151603e-14
"weekdayFriday",-1.95742599279367e-13,1.38127894864265e-14,7.34074756337414e-15,1.03466453188885e-14,1.37934943870888e-14,9.94940715607438e-15,6.98717262224456e-15,2.49598111052723e-15,2.77900677191808e-14,4.35924869735775e-14,4.59969591341999e-14,8.01137091190879e-14,8.53459913082545e-14,8.88866080263816e-14,1.2132689925148e-13,1.3794932444313e-13,9.86797219585856e-14,1.3787159190187e-13,1.08523066499009e-14,2.00888721463133e-14,2.45078201160231e-14,1.72608406156147e-14,1.42161008939087e-14,1.71034733456485e-14,1.35589332365412e-14,2.13916875372722e-14,1.47109963478854e-14,2.21724978877815e-14,8.64687320370436e-15,1.64578626258822e-13,1.64658484410164e-13,1.64670747698971e-13,1.64674373759823e-13,4.6834336985067e-13,1.64726358267227e-13,-1.20627745448886e-14,-1.16217686706475e-14,-1.28666569880492e-14,-1.36025576178291e-14,-1.53722507707738e-14,-1.45229822077981e-14,1.09664750633282e-14,4.41507956291174e-16,3.31581807200286e-15,2.5737169988943e-15,4.17313137199406e-15,8.32908591511574e-15,1.40044090775951e-14,-2.18122214843425e-14,1.53708725659634e-14,2.4551249824387e-14
"weekdaySaturday",-1.73618802877403e-13,4.27208228962776e-15,8.46973602592433e-16,2.98287838295401e-15,3.44220455330419e-15,2.27380954705214e-15,1.34396073291586e-15,-1.17666098346172e-16,-5.42756387563359e-16,5.4052379531994e-15,7.5395429067429e-15,9.84751203014514e-15,8.75060882032359e-15,1.16286269076327e-14,6.99645870594335e-15,3.67628572531529e-14,7.04374695265629e-16,1.37192425485116e-14,7.28569975972038e-15,6.12665328355149e-15,9.66463267764411e-15,3.75169290812838e-15,6.233658428942e-15,7.983258285307e-15,6.26655997943712e-15,3.55161271219988e-15,3.45243868231094e-15,8.73408475746972e-15,5.32815704888045e-15,1.6463657701231e-13,1.64648302706605e-13,1.64656300039021e-13,1.646199197443e-13,1.64726358267227e-13,3.5272758015427e-13,-3.1660832495496e-15,-3.8439608539349e-15,-3.35916735485677e-15,-3.53443978503704e-15,-4.1810193704015e-15,-3.55889045618381e-15,8.30764830299523e-15,2.00617152179211e-15,-6.66389631691079e-16,1.30835380422428e-15,5.56376589725492e-15,2.40550649024231e-15,1.16718480492029e-14,-4.02796529584229e-14,3.46008492168657e-15,2.79432907077744e-14
"policyTRUE:age_grp20-24",1.31790027129009e-12,-5.67273382861797e-12,-3.0667848576937e-12,-1.26847080306467e-12,-1.27275364038614e-12,-1.2818945400606e-12,-1.29060273236742e-12,-1.2978346894151e-12,4.59753123457141e-16,1.24791769990098e-14,-9.11035285267075e-15,-3.30746813972521e-15,-4.47811747991373e-15,-2.09285427566376e-14,8.83552989818896e-14,7.08195107991429e-14,-2.72144566602986e-14,-1.51554896099497e-13,-9.09293455759552e-15,-1.66135500878161e-14,1.47516333389116e-14,7.2652104179144e-15,-1.82439385092091e-15,1.80892484733548e-15,-2.62100882880604e-15,-1.00595000708806e-14,-1.13529131052967e-14,-1.09779930691456e-14,1.54826480030078e-14,-1.10124573933312e-14,-1.40356537626946e-14,-1.81472538079272e-14,-1.24696156759691e-14,-1.2062774544875e-14,-3.16608324955639e-15,9.44503438455219e-12,5.62004107473805e-12,5.62606691168600e-12,5.64086292515064e-12,5.65306899411856e-12,5.66305269554822e-12,-5.93101123704481e-14,-4.42243490454416e-14,7.57708123563422e-16,-3.10864292768304e-14,-8.82219762383989e-14,-8.93069349266451e-14,-2.0884284379605e-13,-2.18091876933505e-13,1.22924401086052e-13,6.27154074152079e-14
"policyTRUE:age_grp25-34",1.3195905363029e-12,-5.65723559933469e-12,-1.26844842225524e-12,-1.84640333858343e-12,-1.27951608150428e-12,-1.28691569322337e-12,-1.29395345424565e-12,-1.29948251053059e-12,9.67375819572652e-14,6.10961428288865e-14,3.98023609350738e-14,5.56221081034909e-14,8.01875222203099e-14,7.32176892466475e-14,7.25710028881152e-14,1.23401214521529e-13,-6.92602244875983e-14,9.26687735016297e-14,-6.69201050885035e-15,-1.74638430767062e-14,5.60160145704788e-15,-2.69211448851642e-15,-5.88859673308393e-15,-1.67882004593771e-15,-6.02688218367085e-15,-1.52956778505474e-14,-9.78337696929177e-15,-8.95769699439694e-15,1.62389609852449e-14,-1.31083371200055e-14,-1.60998395589529e-14,-1.78728336356079e-14,-1.45422538485059e-14,-1.16217686706294e-14,-3.84396085393762e-15,5.62004107473828e-12,6.78733822093215e-12,5.63235644372665e-12,5.64060369154017e-12,5.6479688848396e-12,5.6535408786071e-12,-1.81001501634261e-13,-1.12020748615991e-13,-5.55308922468669e-14,-1.111593229931e-13,-1.67030320047763e-13,-1.74807989052301e-13,-1.76455201444253e-13,-2.69868885267651e-13,1.49487178192813e-13,-1.37061929586781e-13
"policyTRUE:age_grp35-44",1.32063950925117e-12,-5.65359746104831e-12,-1.27269051328896e-12,-1.27950126263181e-12,-1.74309029587854e-12,-1.28865867373607e-12,-1.29486439780996e-12,-1.29967804496615e-12,8.52072490023676e-14,7.46153366541331e-14,4.31652995865241e-14,2.75141348814485e-14,8.84267562634269e-14,9.44373942973493e-14,4.29487226095565e-14,1.40402556232771e-13,-4.06442857134725e-14,9.37792378980456e-14,-9.6406511163144e-15,-2.01385400576419e-14,4.60896012982853e-15,-2.98693082082509e-15,-7.23234892197039e-15,-4.32718153186489e-16,-6.89132165841277e-15,-1.30932702790873e-14,-8.6620236364849e-15,-1.19218061427387e-14,1.50325443713872e-14,-1.45278336923305e-14,-1.73773966661826e-14,-2.03610916171534e-14,-1.57381412425298e-14,-1.28666569880387e-14,-3.35916735486811e-15,5.62606691168614e-12,5.63235644372656e-12,6.61054036968474e-12,5.64125674118642e-12,5.64715069251431e-12,5.65145057501838e-12,-1.78981446962574e-13,-1.30832324032221e-13,-6.71023104888988e-14,-7.42297506953802e-14,-1.82354253601536e-13,-2.10036835491171e-13,-1.44642019110069e-13,-3.03260012270108e-13,1.1938832930019e-13,-1.12624140167427e-13
"policyTRUE:age_grp45-54",1.3220231015013e-12,-5.63972513922823e-12,-1.28189107195413e-12,-1.28692757725963e-12,-1.28868372157779e-12,-1.63580149803633e-12,-1.29724085276931e-12,-1.3003278155788e-12,1.08565487976911e-13,8.85911336477059e-14,6.30901983215693e-14,7.10604172428216e-14,8.47432728171683e-14,1.18875059198223e-13,3.81242263648489e-14,1.27401338534607e-13,-1.59466234718405e-14,1.26171077967889e-13,-1.05582697878374e-14,-2.32842157183083e-14,1.03359652779273e-17,-5.70997391791323e-15,-9.93512758171731e-15,-2.82597696449824e-15,-7.42535799486875e-15,-1.56326203449744e-14,-1.28164870561389e-14,-1.24432473911166e-14,1.54748499579504e-14,-1.50551076020058e-14,-1.9352593989321e-14,-2.26605859674573e-14,-1.81007363839821e-14,-1.36025576178156e-14,-3.53443978504534e-15,5.64086292515076e-12,5.64060369154005e-12,5.6412567411864e-12,6.30977892401483e-12,5.64251690517546e-12,5.64260911059851e-12,-2.1034188936233e-13,-1.59243873945078e-13,-9.54002399934526e-14,-1.16521211911369e-13,-1.89629154568395e-13,-2.19837050684775e-13,-1.34938594888674e-13,-2.91109929977256e-13,7.75607519254462e-14,-1.49946603867714e-13
"policyTRUE:age_grp55-64",1.32145490832563e-12,-5.62923776543289e-12,-1.29062678452115e-12,-1.29397352608603e-12,-1.29490223964034e-12,-1.29724762625194e-12,-1.67133136177783e-12,-1.30088111926621e-12,1.16678783418041e-13,1.0006612990715e-13,8.03916700072564e-14,7.12546566602843e-14,9.34459692385877e-14,1.00777779102843e-13,4.41787180230726e-14,1.26268882699268e-13,4.81015234237755e-14,6.1609163861195e-14,-1.20713500451169e-14,-2.55511611504319e-14,-8.51404267091833e-16,-7.08988135279734e-15,-1.04493531073757e-14,-4.17348484084096e-15,-8.15542482842236e-15,-1.64204731491419e-14,-1.42991168584543e-14,-1.1650260888518e-14,1.50940319767325e-14,-1.53811134413063e-14,-1.9432324689018e-14,-2.33495623306487e-14,-1.71220925537465e-14,-1.53722507707542e-14,-4.18101937040213e-15,5.65306899411862e-12,5.64796888483944e-12,5.64715069251423e-12,5.6425169051754e-12,6.3355028047638e-12,5.63625971042138e-12,-2.14126137092732e-13,-1.6437178644086e-13,-1.21727405118627e-13,-9.88156975156083e-14,-1.81390779076694e-13,-2.11214104693487e-13,-1.16183763121424e-13,-2.30574428656456e-13,-5.28098550473825e-15,-4.65639182172684e-14
"policyTRUE:age_grp65-199",1.32178179343655e-12,-5.61978867353256e-12,-1.29788776501923e-12,-1.29950934296576e-12,-1.29972282793449e-12,-1.30034086849197e-12,-1.30089108558867e-12,-1.6625099776578e-12,9.29617550911487e-14,8.56039023741328e-14,9.16218055374613e-14,4.20393041261238e-14,7.02493819515681e-14,9.55378730986091e-14,2.23420397257989e-14,9.44059853485991e-14,2.20660816937862e-13,7.00818854100066e-14,-1.39915426836176e-14,-2.64535687871975e-14,-4.7509080208845e-15,-8.68247181293022e-15,-1.22267597925133e-14,-6.34822615518206e-15,-9.52693850044401e-15,-1.9162325882789e-14,-1.65311146064894e-14,-1.28506733359194e-14,1.3284724187612e-14,-1.57273632019299e-14,-2.07436630026882e-14,-2.35207602161594e-14,-1.77772512315975e-14,-1.45229822077844e-14,-3.55889045619085e-15,5.6630526955482e-12,5.65354087860686e-12,5.65145057501822e-12,5.64260911059838e-12,5.63625971042131e-12,6.28031661002388e-12,-1.80988837506635e-13,-1.36126509969678e-13,-1.3749023781068e-13,-6.20719093839011e-14,-1.36251218285856e-13,-1.82152930168054e-13,-6.5118156107268e-14,-2.02745420876733e-13,-3.16381233416687e-13,-6.44375044578005e-14
"policyTRUE:curr_pts_reg1",-4.35988963007313e-14,4.09045351135256e-14,2.68254088570823e-16,9.66683524838533e-14,8.50820165611924e-14,1.08502783600111e-13,1.16626599978118e-13,9.29464479558901e-14,-3.2182550424905e-11,-6.02764812704547e-14,-5.6872203851386e-14,-5.41228617223359e-14,-5.57380500339562e-14,-5.45148236678892e-14,-5.30132622236075e-14,-5.45768577035126e-14,-3.50046687018181e-14,-4.31387572063773e-14,2.20461668131002e-14,2.77318923174318e-14,3.62801194303341e-14,1.76132485701827e-14,2.35911205928665e-14,1.28846430736413e-14,9.90106880866872e-15,1.10935766572851e-14,1.01934193199157e-14,1.12979209579435e-14,1.37839862697312e-14,8.58034825968291e-15,9.5116460802614e-15,1.67286024787692e-15,1.87700222611277e-15,1.09664750633295e-14,8.30764830299505e-15,-5.93101123704681e-14,-1.81001501634278e-13,-1.78981446962593e-13,-2.10341889362356e-13,-2.14126137092753e-13,-1.80988837506653e-13,5.77040775850993e-11,1.18318305220335e-13,1.11370381097256e-13,1.10669505267443e-13,1.10659839698463e-13,1.08633325616846e-13,1.07888177445864e-13,1.08616830562948e-13,7.35622263169958e-14,9.21273101969148e-14
"policyTRUE:curr_pts_reg2",-1.6277392298943e-14,-6.85254109922771e-15,1.20053596463375e-14,6.07997919835739e-14,7.43181865390499e-14,8.82999161225351e-14,9.976611159744e-14,8.53215721782998e-14,-6.04858370389982e-14,-7.11780035216131e-12,-5.80946593716445e-14,-5.54588064835111e-14,-5.74772509422462e-14,-5.70928877941316e-14,-5.40393066424467e-14,-5.6858088082389e-14,-3.84537613712404e-14,-4.97571021821784e-14,1.37088491701819e-14,2.82974501732451e-14,2.45666911247669e-14,1.55856160434285e-14,1.31181756810877e-14,1.43058166978353e-14,4.55113815304198e-15,1.18712040135649e-14,1.3258327642938e-14,4.64583424162703e-15,1.08493390932218e-14,-6.4992844040706e-15,-1.16620608493157e-15,-3.74934302986387e-15,-8.11227661529924e-15,4.41507956290871e-16,2.00617152179345e-15,-4.4224349045445e-14,-1.1202074861599e-13,-1.30832324032231e-13,-1.59243873945079e-13,-1.64371786440868e-13,-1.36126509969685e-13,1.18318305220335e-13,1.24609693710942e-11,1.13140199842839e-13,1.12798906508672e-13,1.13335056829401e-13,1.1206350222483e-13,1.10198334099043e-13,1.12314017784839e-13,7.63673862252936e-14,1.00140270647541e-13
"policyTRUE:curr_pts_reg3",-1.89934004966954e-15,-5.49321275904943e-14,-9.52491547974558e-15,3.95163238159093e-14,4.28848192339171e-14,6.28150450670819e-14,8.01151961305411e-14,9.13613870872044e-14,-5.70491126986244e-14,-5.80107461394007e-14,-7.32783189949087e-12,-5.13718037657614e-14,-5.30442232255364e-14,-5.25196363971816e-14,-4.98214861352337e-14,-5.17072493768047e-14,-3.80292656044469e-14,-4.28404223486623e-14,1.63017277584516e-14,2.99302987742133e-14,3.31719304738817e-14,1.95608627989062e-14,1.68266492467504e-14,1.33886191030293e-14,7.28734691146815e-15,1.83378990682351e-14,1.68812643059904e-14,6.72122367336215e-15,1.69243601430134e-14,-8.34157346051917e-16,1.5537416089752e-15,4.63123795045164e-16,-4.39153919908679e-15,3.31581807200291e-15,-6.66389631691303e-16,7.57708123571169e-16,-5.55308922468583e-14,-6.71023104889014e-14,-9.54002399934539e-14,-1.21727405118617e-13,-1.37490237810688e-13,1.11370381097257e-13,1.1314019984284e-13,1.39966929946691e-11,1.04419421177511e-13,1.03904551142595e-13,1.0273020058157e-13,1.00283291143216e-13,1.00735574771852e-13,7.38790436511432e-14,8.77574983474157e-14
"policyTRUE:curr_pts_reg4",6.07052848893066e-16,-5.48625866932969e-14,-4.07107667058097e-15,5.51459343757555e-14,2.70268169627176e-14,7.05969113636356e-14,7.0780344454669e-14,4.15993260189352e-14,-5.44368598638062e-14,-5.53713567640326e-14,-5.14200861556513e-14,-9.22318211124052e-11,-5.09465303120506e-14,-4.85607270347496e-14,-5.12912350133876e-14,-5.10122817975526e-14,-2.2481772842784e-14,-3.68811494624111e-14,2.80261053989579e-14,4.85619805453357e-14,4.97871286386288e-14,2.50429407060035e-14,2.99552487769216e-14,2.52931062547553e-14,1.01182730599292e-14,2.11327054037854e-14,2.41918815799691e-14,1.79527353155359e-14,1.90096267616914e-14,-1.42726129548766e-14,-6.61546052015648e-15,1.22438149715029e-15,-5.3812866819492e-15,2.57371699889464e-15,1.3083538042224e-15,-3.10864292768212e-14,-1.11159322993079e-13,-7.42297506953843e-14,-1.16521211911341e-13,-9.8815697515613e-14,-6.20719093839196e-14,1.10669505267445e-13,1.12798906508672e-13,1.0441942117751e-13,1.53087524135713e-10,1.06638315424316e-13,1.03205691573927e-13,1.09407990983088e-13,1.07277313211445e-13,5.39201022411715e-14,8.93408367917463e-14
"policyTRUE:curr_pts_reg5",-3.12206726570658e-14,2.04013072677359e-14,-5.31192138228247e-15,7.961137885641e-14,8.78645964683244e-14,8.41770162887695e-14,9.28688365536502e-14,6.96977036726181e-14,-5.61025254186841e-14,-5.74167264205351e-14,-5.31508261016958e-14,-5.10141474488873e-14,-6.280243473816e-11,-5.15619769607713e-14,-5.32971230754149e-14,-5.3783264149856e-14,-2.4110298089263e-14,-3.92298161561177e-14,1.46258035258352e-14,5.2806748218294e-14,5.61870914341244e-14,3.22675929511676e-14,1.94265714314553e-14,8.54475654052069e-15,2.51670320377162e-15,1.62475153842468e-14,1.16573676080206e-14,1.17435639889701e-14,2.29867304543117e-14,-2.44884592152014e-15,2.17243312340497e-14,9.67929732284367e-15,3.25952105937027e-15,4.17313137199495e-15,5.56376589725575e-15,-8.82219762383949e-14,-1.67030320047762e-13,-1.82354253601521e-13,-1.89629154568393e-13,-1.81390779076691e-13,-1.36251218285872e-13,1.10659839698462e-13,1.133350568294e-13,1.03904551142595e-13,1.06638315424316e-13,1.12337391608513e-10,1.03310420914149e-13,1.0769597090997e-13,1.06138393219027e-13,4.97555810624333e-14,8.56588922814727e-14
"policyTRUE:curr_pts_reg6",-3.86570217616175e-14,4.49499765210015e-14,-2.16657049985056e-14,7.27515687824199e-14,9.39518186115161e-14,1.18437669084907e-13,1.00337686916588e-13,9.51373260341197e-14,-5.48016565088459e-14,-5.67605235060641e-14,-5.23004827372241e-14,-4.81919401796522e-14,-5.09840057637605e-14,-1.12336129568359e-10,-4.79520884428953e-14,-4.95808660095292e-14,-2.18953192729403e-14,-3.40076489184925e-14,2.88315866993468e-14,4.96821159833444e-14,6.02829093788666e-14,3.42354687570787e-14,3.698298167762e-14,1.58734369378939e-14,5.3656499894234e-15,3.43941327234023e-14,3.70306868699454e-14,7.92976544800826e-15,2.76743167461019e-14,-1.27761480143394e-14,-7.61154185459001e-15,-1.23832829707901e-14,-1.41791506824832e-14,8.32908591511663e-15,2.40550649024288e-15,-8.93069349266463e-14,-1.74807989052287e-13,-2.10036835491207e-13,-2.19837050684751e-13,-2.11214104693474e-13,-1.82152930168059e-13,1.08633325616849e-13,1.1206350222483e-13,1.0273020058157e-13,1.03205691573931e-13,1.03310420914154e-13,1.98946247724708e-10,1.0203677709861e-13,1.01484379594897e-13,4.82712808126261e-14,8.05159330690199e-14
"policyTRUE:curr_pts_reg7",-3.10480336983415e-14,-1.39515705557267e-14,8.72009598903479e-14,7.18171917211989e-14,4.22036333596786e-14,3.73903846557298e-14,4.34257227817417e-14,2.16261510147853e-14,-5.35330181087243e-14,-5.38752386225864e-14,-4.98604837731467e-14,-5.12701523511858e-14,-5.31104865927934e-14,-4.85629938292082e-14,-4.38938339686961e-10,-5.67918287809421e-14,-2.03232652315622e-14,-3.93831066925627e-14,6.16671501307015e-14,1.07613362410126e-13,1.2530583632844e-13,4.56621313903272e-14,5.21267928926788e-14,5.05211421303364e-14,1.48132477142531e-14,7.50856916688319e-14,4.82940009843486e-14,4.08434777746323e-14,6.02038504732888e-14,-2.38472290293433e-14,8.75842550358695e-15,1.55458896630208e-14,-1.89551854475862e-14,1.40044090775934e-14,1.16718480492017e-14,-2.08842843796051e-13,-1.76455201444194e-13,-1.44642019110092e-13,-1.34938594888655e-13,-1.16183763121498e-13,-6.51181561072993e-14,1.07888177445866e-13,1.10198334099045e-13,1.00283291143213e-13,1.09407990983085e-13,1.0769597090997e-13,1.02036777098606e-13,7.27339688707e-10,1.11645657191498e-13,4.29166634425086e-14,8.9512062127131e-14
"policyTRUE:curr_pts_reg8",-4.38123153227342e-14,1.07899002823266e-13,6.97171370131711e-14,1.22652166736467e-13,1.39640104112704e-13,1.26687919952681e-13,1.25561493966014e-13,9.37582012141219e-14,-5.48983030170782e-14,-5.64467392859781e-14,-5.15462336784612e-14,-5.05822916327341e-14,-5.32035137584719e-14,-4.97723050157143e-14,-5.62162051873074e-14,-4.48510517827046e-10,-1.8397700883575e-14,-3.45391821949844e-14,-1.13948343251351e-15,4.8738841536951e-14,5.64853633271731e-14,3.8738029905153e-14,2.31311613437206e-14,1.87996834278555e-14,2.72781112662263e-15,4.89602296346772e-14,2.03963241106747e-14,2.64916292224058e-14,-3.5163095267671e-15,-2.61417196170777e-14,-2.24275587539986e-14,-1.09198539708912e-14,-4.66415549422982e-14,-2.18122214843435e-14,-4.02796529584203e-14,-2.18091876933514e-13,-2.69868885267673e-13,-3.03260012270086e-13,-2.91109929977261e-13,-2.30574428656514e-13,-2.02745420876736e-13,1.08616830562949e-13,1.12314017784839e-13,1.0073557477185e-13,1.07277313211446e-13,1.06138393219026e-13,1.01484379594894e-13,1.11645657191495e-13,7.73241151708839e-10,3.83836045871499e-14,7.93356280332944e-14
"policyTRUE:curr_pts_reg9",6.64405519925596e-15,-1.80248812082584e-13,-2.81277359859719e-14,-6.99377696177153e-14,-4.14279112531923e-14,-1.65901164009177e-14,4.75327591547062e-14,2.20215034563331e-13,-3.47102354711111e-14,-3.76520533641976e-14,-3.759861159786e-14,-2.13416641033053e-14,-2.30407548708415e-14,-2.13494862559833e-14,-1.88743141326254e-14,-1.75468812085067e-14,-3.96755018618944e-10,2.83564614871602e-15,4.26731327985711e-14,5.3369206931149e-14,1.10409712141958e-13,7.76652742377293e-14,8.16314474247253e-14,6.46876974515708e-14,1.65693255711573e-14,7.73684979339684e-14,5.14896533058599e-14,4.72985247025469e-14,5.20565772109548e-14,-4.02284407167625e-15,7.91287166473437e-15,1.616907386696e-15,-2.12926766715211e-14,1.53708725659639e-14,3.46008492168597e-15,1.22924401086067e-13,1.49487178192836e-13,1.19388329300203e-13,7.75607519254291e-14,-5.28098550474364e-15,-3.16381233416715e-13,7.35622263169948e-14,7.63673862252931e-14,7.38790436511421e-14,5.3920102241169e-14,4.97555810624307e-14,4.82712808126257e-14,4.29166634425067e-14,3.83836045871486e-14,7.16465448639044e-10,1.35828105623797e-14
"policyTRUE:curr_pts_reg10-150",-7.05758118315729e-14,-5.77837776680248e-14,-1.53105158774432e-13,9.16210125402353e-14,9.26206180326891e-14,1.25189224515631e-13,6.06986863061865e-14,6.932852375143e-14,-4.31843343207353e-14,-4.87759700568742e-14,-4.23451339683531e-14,-3.55633988205364e-14,-3.78941594867518e-14,-3.35489920931797e-14,-3.76547570377951e-14,-3.37901884889226e-14,2.11676740724529e-15,-5.79397108308564e-10,4.02723704976612e-14,7.82470340210402e-14,1.24480952991234e-13,9.53539314890459e-14,1.17248273207053e-13,6.98330112177237e-14,3.42490428716974e-14,9.91843595356133e-14,5.37775878113118e-14,1.73889237152865e-14,1.02975133065398e-13,-5.722222969124e-16,8.23428818282566e-15,-2.55029269171754e-14,-1.81766742151516e-14,2.45512498243904e-14,2.79432907077793e-14,6.27154074152454e-14,-1.37061929586721e-13,-1.12624140167463e-13,-1.4994660386775e-13,-4.65639182171958e-14,-6.44375044578226e-14,9.21273101969167e-14,1.0014027064754e-13,8.77574983474129e-14,8.93408367917429e-14,8.56588922814727e-14,8.05159330690187e-14,8.9512062127131e-14,7.9335628033297e-14,1.35828105623767e-14,8.73239434139806e-10
